DataHora,Global_active_power,Global_reactive_power,Voltage,Global_intensity,Sub_metering_1,Sub_metering_2,Sub_metering_3,Anomalia,Classe,Score_Anomalia,PCA1,PCA2
2009-02-27 16:00:00,2.137,0.47729999999999995,243.5353333333333,8.99,0.0,0.5,18.166666666666668,-1,Anomalia,1.3966712692025864,2.7961104693448733,2.3479858646739817
2009-02-28 01:00:00,0.3773666666666667,0.13176666666666667,243.263,1.7133333333333334,0.0,0.0,0.0,-1,Anomalia,1.4230493498837613,-1.6211631818083294,0.4575460288846713
2009-02-28 08:00:00,0.5303,0.02683333333333333,243.13500000000002,2.3266666666666667,0.0,0.06666666666666667,1.1166666666666667,-1,Anomalia,2.0103612276379197,-1.6778817902485803,-0.6701509054140171
2009-02-28 17:00:00,2.7699,0.4769666666666667,236.99783333333335,11.916666666666666,0.0,23.283333333333335,9.6,-1,Anomalia,1.4048466708123688,5.482217484316849,5.608579010459553
2009-03-02 15:00:00,1.5749666666666668,0.0803,243.17066666666668,6.833333333333333,15.383333333333333,0.0,0.0,-1,Anomalia,1.8164466143118152,1.277999587960168,0.6668702937243146
2009-03-03 11:00:00,1.5928333333333333,0.048,240.68333333333334,6.8966666666666665,0.0,0.0,17.766666666666666,-1,Anomalia,1.4410487661481661,1.00327027254786,-1.9304993362508178
2009-03-07 17:00:00,2.6376333333333335,0.3939666666666667,239.20633333333333,11.193333333333333,0.0,8.883333333333333,17.566666666666666,-1,Anomalia,1.4253031257313058,4.236288430278737,2.402058048655372
2009-03-08 14:00:00,2.283266666666667,0.07236666666666666,243.66883333333334,9.476666666666667,11.883333333333333,0.15,18.2,-1,Anomalia,1.4587020677450213,2.752169609760864,-0.9162634817132952
2009-03-09 22:00:00,0.8909666666666667,0.10653333333333334,242.88016666666667,3.7666666666666666,2.466666666666667,0.016666666666666666,0.0,-1,Anomalia,1.8913337496867642,-0.7568997773406889,0.238173500433163
2009-03-10 13:00:00,1.5293333333333334,0.033133333333333334,240.61983333333333,6.340000000000001,0.0,0.0,17.75,-1,Anomalia,1.6132897233133232,0.8310927747102497,-2.0571182170896942
2009-03-11 11:00:00,3.2493,0.10786666666666668,240.22899999999998,13.686666666666667,20.65,6.933333333333334,17.683333333333334,-1,Anomalia,1.393787498306874,5.818694700663181,0.5726870167346881
2009-03-11 19:00:00,0.9487666666666666,0.10800000000000001,239.33950000000002,4.069999999999999,0.0,2.65,0.0,-1,Anomalia,1.6200234270508513,-0.3126592144392877,0.2532931973975274
2009-03-13 15:00:00,0.4214333333333334,0.14400000000000002,245.35150000000002,1.8966666666666667,1.2166666666666666,0.38333333333333336,0.0,-1,Anomalia,1.9326501279130148,-1.6259023095092953,0.8169934653354717
2009-03-14 09:00:00,1.5211000000000001,0.11936666666666666,242.8538333333333,6.25,1.2166666666666666,0.5166666666666667,18.066666666666666,-1,Anomalia,1.4014605681229715,0.9937898685506136,-0.9560432546978391
2009-03-17 18:00:00,0.4103,0.23389999999999997,241.693,1.8933333333333333,0.0,0.0,0.0,-1,Anomalia,1.483757340282264,-1.0621959046456533,1.3575637987726723
2009-03-19 05:00:00,0.48473333333333335,0.0941,244.55616666666668,2.0466666666666664,0.0,0.5166666666666667,3.066666666666667,-1,Anomalia,1.3989583990848957,-1.5670266959893528,0.015776645310509697
2009-03-21 08:00:00,2.7467333333333332,0.06523333333333334,241.2585,11.413333333333332,8.883333333333333,6.733333333333333,17.85,-1,Anomalia,1.4423240225227443,3.760195522757623,-0.4626921484846385
2009-03-23 21:00:00,1.2457,0.08136666666666666,239.0395,5.22,2.183333333333333,0.0,7.8,-1,Anomalia,1.5024925321345228,0.468233015533208,-0.8284761613071643
2009-03-25 14:00:00,1.5241,0.3657666666666667,245.51850000000002,6.663333333333333,0.0,16.266666666666666,0.0,-1,Anomalia,1.477941806531058,1.4927182315001433,4.911283312256225
2009-03-25 15:00:00,0.9084333333333333,0.3045333333333333,245.12199999999999,4.083333333333333,0.0,8.466666666666667,0.0,-1,Anomalia,1.4951063511944338,0.006760105004627135,3.32472971496648
2009-03-28 09:00:00,1.4643666666666666,0.07976666666666667,240.32883333333334,6.069999999999999,1.1333333333333333,0.0,17.7,-1,Anomalia,1.9599530272559604,1.031212430846528,-1.528128725031459
2009-03-28 14:00:00,0.8089333333333334,0.3218,245.16899999999998,3.58,0.0,0.0,0.0,-1,Anomalia,1.5017997027790382,-0.6496250682992096,2.322127072946046
2009-03-28 15:00:00,1.0293333333333332,0.3296,245.00966666666667,4.45,0.0,0.55,0.0,-1,Anomalia,1.4563051877969473,-0.28479913840446475,2.419314568366472
2009-03-28 22:00:00,2.3856666666666664,0.0902,241.16116666666667,9.876666666666667,0.0,0.5333333333333333,0.0,-1,Anomalia,1.4173708891922032,1.1597161111777305,-0.4319759133815325
2009-03-29 01:00:00,1.3142333333333334,0.10416666666666667,242.04233333333335,5.466666666666667,3.1333333333333333,0.4166666666666667,0.0,-1,Anomalia,1.3959287755996685,-0.026459627513029896,0.17474916164909793
2009-04-01 14:00:00,0.5283,0.07116666666666666,245.45783333333333,2.2066666666666666,4.05,0.0,0.0,-1,Anomalia,2.926148234027388,-1.5107173041120772,0.2189404282464496
2009-04-07 18:00:00,0.46020000000000005,0.15333333333333335,242.39116666666666,2.1033333333333335,0.0,0.0,0.0,-1,Anomalia,1.4792840891017942,-1.3340644850389451,0.5994776990762349
2009-04-08 12:00:00,0.5649,0.11266666666666666,243.20733333333334,2.52,0.0,1.55,0.6833333333333333,-1,Anomalia,1.5435563442613547,-1.2832238194121812,0.40076139223352303
2009-04-11 10:00:00,1.6386666666666665,0.11423333333333334,238.067,6.89,0.0,2.1,19.0,-1,Anomalia,1.580874704822771,1.7526806923458944,-1.2198770114794943
2009-04-11 15:00:00,1.5229,0.2297,242.3545,6.3566666666666665,0.0,4.583333333333333,13.866666666666667,-1,Anomalia,1.395437477984772,1.3506675982230056,0.8598059885732992
2009-04-13 23:00:00,1.3571333333333333,0.1962,243.89433333333332,5.723333333333333,0.0,5.933333333333334,10.816666666666666,-1,Anomalia,1.4185183651503794,0.7787103913934605,1.0439244585094387
2009-04-14 21:00:00,1.8708,0.11613333333333334,239.34483333333336,7.8566666666666665,0.0,5.283333333333333,0.6666666666666666,-1,Anomalia,1.8796346933749781,1.1389821057215963,0.45895772412269403
2009-04-17 23:00:00,3.0859666666666663,0.21063333333333334,241.39383333333333,12.923333333333334,0.0,39.53333333333333,1.5333333333333334,-1,Anomalia,1.5037573195127996,5.130377036471647,6.016602687988148
2009-04-25 08:00:00,0.872,0.09816666666666668,240.70833333333334,3.796666666666667,0.0,3.4,4.05,-1,Anomalia,1.466086398689388,-0.3286350057443343,0.09373182617862842
2009-04-29 09:00:00,1.3323666666666665,0.057100000000000005,241.84816666666666,5.486666666666666,0.0,0.0,16.4,-1,Anomalia,1.5205557085568209,0.4257548259353567,-1.6219604701535553
2009-04-29 13:00:00,1.5835000000000001,0.08626666666666667,242.18533333333335,6.503333333333333,1.1333333333333333,0.0,19.516666666666666,-1,Anomalia,1.6633201394666564,1.083501163227667,-1.5029419829077333
2009-05-01 11:00:00,0.6318666666666667,0.0968,239.67383333333333,2.76,0.0,1.55,0.65,-1,Anomalia,1.4515151396645543,-0.8441189917810047,0.03510193686606708
2009-05-01 15:00:00,1.0329666666666666,0.06656666666666666,243.793,4.336666666666667,0.0,3.85,5.583333333333333,-1,Anomalia,2.1020616538327177,-0.48114566257509805,-0.1093805760875021
2009-05-01 21:00:00,1.9122666666666668,0.08713333333333334,238.42700000000002,7.98,2.6166666666666667,0.0,17.766666666666666,-1,Anomalia,1.719237793594398,2.0194879561721972,-1.5730786133776988
2009-05-05 15:00:00,0.5573,0.07173333333333334,242.636,2.3733333333333335,0.0,1.5333333333333334,0.6666666666666666,-1,Anomalia,1.9081417188773155,-1.378521719133373,-0.027790229466909202
2009-05-05 18:00:00,0.7972666666666667,0.1071,241.44166666666666,3.4433333333333334,0.0,3.5166666666666666,1.4666666666666666,-1,Anomalia,1.6409521622260883,-0.6228027227906954,0.42390309405580245
2009-05-06 14:00:00,0.7248666666666667,0.05216666666666667,239.21816666666666,3.106666666666667,0.0,3.35,0.65,-1,Anomalia,1.9554100484987966,-0.6981141837895599,-0.1911619723043482
2009-05-08 13:00:00,1.4799333333333335,0.08726666666666666,242.57483333333332,6.166666666666667,0.4,0.0,14.566666666666666,-1,Anomalia,1.4294138623009578,0.5830179706894337,-1.1763335988307049
2009-05-08 15:00:00,2.3411,0.10023333333333334,241.69616666666667,9.703333333333335,8.416666666666666,3.6,18.533333333333335,-1,Anomalia,1.6091813082836144,3.0654641161139056,-0.5235266898856077
2009-05-10 08:00:00,0.9251333333333334,0.15256666666666666,239.90916666666666,4.0633333333333335,0.0,3.2666666666666666,4.55,-1,Anomalia,1.6169253697369323,0.03388511162072607,0.515470099024146
2009-05-10 15:00:00,1.8807,0.11796666666666668,240.86233333333334,7.933333333333334,7.85,3.9,12.633333333333333,-1,Anomalia,1.4388632893782616,2.2786912263325596,0.0901845587413168
2009-05-10 16:00:00,3.720566666666667,0.18073333333333333,240.29116666666667,15.629999999999999,8.566666666666666,43.93333333333333,1.6333333333333333,-1,Anomalia,1.6885249248342322,7.1143603403458675,6.6853317978592015
2009-05-15 08:00:00,2.3221333333333334,0.09003333333333334,237.7405,9.74,12.183333333333334,0.5833333333333334,19.033333333333335,-1,Anomalia,1.5285803983111363,3.6644022554113933,-1.0623075194420368
2009-05-17 19:00:00,1.7633,0.1743,236.86116666666666,7.633333333333334,2.75,0.5,15.033333333333333,-1,Anomalia,1.6375515648380954,2.2232817366239837,-0.5273424514407988
2009-05-20 15:00:00,0.6088,0.10936666666666667,243.64916666666667,2.6599999999999997,0.0,3.6166666666666667,0.6666666666666666,-1,Anomalia,2.249856945795199,-1.1577128417539182,0.6781989066099624
2009-05-21 16:00:00,1.6249333333333336,0.1928,241.42149999999998,6.743333333333334,0.0,2.816666666666667,19.433333333333334,-1,Anomalia,1.4387858655371717,1.654012403044641,-0.18572504174353943
2009-05-22 00:00:00,0.9248666666666666,0.2308,245.2938333333333,3.896666666666667,0.0,1.5166666666666666,9.266666666666667,-1,Anomalia,1.4703304624143523,-0.2267161834561599,1.0326250136319128
2009-05-22 13:00:00,0.5377666666666666,0.1217,241.19483333333335,2.36,2.8666666666666667,0.15,1.5833333333333333,-1,Anomalia,1.535249776360473,-0.8403286456214619,0.3098993134583804
2009-05-23 06:00:00,1.3175999999999999,0.07873333333333334,241.072,5.4433333333333325,0.0,0.2833333333333333,16.583333333333332,-1,Anomalia,1.3990259489264414,0.5967078441053493,-1.4235056865741422
2009-05-23 15:00:00,0.8759333333333333,0.30066666666666664,242.68016666666665,3.8400000000000003,3.4,0.48333333333333334,1.5666666666666667,-1,Anomalia,1.45613205203535,0.09192035100812203,2.1458697264358864
2009-05-25 13:00:00,0.8867999999999999,0.09656666666666666,234.29066666666668,3.8699999999999997,5.316666666666666,0.6333333333333333,1.7166666666666666,-1,Anomalia,1.5749585710142449,0.6196071734618069,-0.18633141530521438
2009-05-25 17:00:00,1.8330333333333333,0.24326666666666666,234.9655,7.819999999999999,0.0,1.1666666666666667,18.683333333333334,-1,Anomalia,1.3931148995516742,2.722946380910623,-0.292754784290686
2009-05-25 19:00:00,1.0745333333333333,0.28473333333333334,236.08766666666668,4.746666666666667,4.4,0.6666666666666666,1.3166666666666667,-1,Anomalia,1.4257427045408755,1.1727142334162186,1.6793324332820891
2009-05-26 08:00:00,1.6281,0.20733333333333331,229.98116666666667,7.180000000000001,0.0,0.6166666666666667,18.1,-1,Anomalia,1.60851975268011,2.8789160852813684,-0.9237128170746713
2009-05-26 21:00:00,1.6520666666666666,0.04803333333333334,230.14849999999998,7.196666666666667,7.7,0.0,1.4666666666666666,-1,Anomalia,1.617404315967447,2.150401533593176,-0.9870797490758509
2009-05-26 22:00:00,1.9203666666666666,0.05516666666666667,227.64983333333333,8.403333333333332,8.883333333333333,0.5833333333333334,0.5833333333333334,-1,Anomalia,1.7477143350880435,2.934725665931805,-0.9041745129989984
2009-05-26 23:00:00,2.0460666666666665,0.05863333333333333,231.97299999999998,8.796666666666665,0.0,6.816666666666666,9.35,-1,Anomalia,1.649445000820835,2.6451900502472157,-0.907674673824672
2009-05-27 16:00:00,1.6238666666666668,0.13116666666666668,230.76816666666667,7.17,0.0,20.2,1.6333333333333333,-1,Anomalia,1.9404409527147901,2.9448099116490973,2.217162074192526
2009-05-27 19:00:00,0.7092333333333334,0.20013333333333333,230.768,3.3133333333333335,0.0,0.0,1.3166666666666667,-1,Anomalia,1.4988467169452433,0.590334158032805,0.25678506076451796
2009-05-27 21:00:00,2.9227,0.025433333333333332,228.91,12.76,8.2,0.0,17.65,-1,Anomalia,1.9965970766953496,4.873855021313199,-2.5836469977207908
2009-05-27 22:00:00,1.8560666666666668,0.09743333333333333,230.21933333333334,8.073333333333332,9.216666666666667,0.5833333333333334,6.666666666666667,-1,Anomalia,1.5706258334419716,3.037148394800345,-0.7045268117339795
2009-05-28 14:00:00,0.3009,0.0652,228.00750000000002,1.3,0.0,0.5833333333333334,0.5833333333333334,-1,Anomalia,1.4022030797719995,-0.11520514865688464,-0.987496048632968
2009-05-30 21:00:00,0.6753,0.22460000000000002,241.02599999999998,3.0766666666666667,2.9833333333333334,0.6666666666666666,1.6333333333333333,-1,Anomalia,1.640959120533438,-0.23818460989733733,1.3480662912406056
2009-05-31 12:00:00,0.40676666666666667,0.12783333333333333,240.62416666666667,1.8066666666666669,0.0,0.2,3.716666666666667,-1,Anomalia,1.5007630864067982,-1.0798994515630576,0.05185514943582575
2009-06-01 14:00:00,1.7438666666666667,0.23736666666666664,240.1305,7.326666666666667,3.316666666666667,0.6333333333333333,19.266666666666666,-1,Anomalia,1.6059363602386902,2.275390663984335,0.06245165011856912
2009-06-03 07:00:00,1.9604666666666666,0.13733333333333334,238.40766666666664,8.24,0.23333333333333334,2.8833333333333333,19.2,-1,Anomalia,1.4033301907870717,2.300582055416562,-0.9340765873902025
2009-06-03 08:00:00,2.0583666666666667,0.10486666666666666,236.75466666666668,8.706666666666667,7.333333333333333,3.4166666666666665,18.966666666666665,-1,Anomalia,1.4495089025423797,3.215356221921479,-0.8216247547664692
2009-06-05 14:00:00,1.3960666666666666,0.1479,236.19549999999998,5.953333333333333,0.0,0.5,17.95,-1,Anomalia,1.4883027531074333,1.603993227730018,-1.102882983084623
2009-06-12 06:00:00,1.7524333333333333,0.10933333333333332,239.6461666666667,7.41,0.0,0.6333333333333333,15.366666666666667,-1,Anomalia,1.419063889750377,1.4194388637099131,-1.1768776224503559
2009-06-16 15:00:00,0.3895,0.1444,241.39116666666666,1.7633333333333332,1.3,0.6666666666666666,1.8833333333333333,-1,Anomalia,2.914583546409192,-1.0804519197508828,0.5281644019502539
2009-06-17 11:00:00,0.4590666666666667,0.1561,239.8635,2.0833333333333335,0.0,3.0833333333333335,1.65,-1,Anomalia,2.3970338949666337,-0.7436154018804769,0.8139252696598543
2009-06-23 04:00:00,0.2892,0.0541,241.75516666666667,1.22,0.0,0.0,2.45,-1,Anomalia,1.5518461155665952,-1.699969320482682,-0.5217850175118195
2009-06-24 14:00:00,1.4491666666666667,0.09256666666666667,238.76816666666667,6.05,0.0,1.6666666666666667,19.083333333333332,-1,Anomalia,1.5472879678033238,1.3182695154265303,-1.415310334764198
2009-06-24 15:00:00,0.8142666666666667,0.12026666666666667,240.90683333333334,3.493333333333333,0.0,2.5,7.583333333333333,-1,Anomalia,1.7224075030654618,-0.23623612973426386,-0.021685844825103558
2009-06-27 01:00:00,1.1808,0.1955,240.454,5.006666666666666,2.566666666666667,0.7,11.033333333333333,-1,Anomalia,1.6064913636312088,0.8494166702184461,0.29197003865551574
2009-06-28 09:00:00,0.5831,0.19033333333333333,243.56116666666668,2.6566666666666667,0.0,3.216666666666667,1.7333333333333334,-1,Anomalia,2.3496969538713373,-0.8749113654279189,1.3408972438605686
2009-07-04 10:00:00,1.1438,0.19926666666666665,238.793,4.906666666666666,0.0,3.033333333333333,11.0,-1,Anomalia,1.4349456433865793,0.9251989976379739,0.4099557366125535
2009-07-04 16:00:00,1.0897666666666666,0.4876333333333333,239.9415,5.0633333333333335,6.25,1.2,1.9,-1,Anomalia,1.5029356964747467,1.6765372474652134,4.0234094285286
2009-07-05 10:00:00,0.6434333333333334,0.1738,240.85216666666668,2.8,2.1333333333333333,0.85,1.9166666666666667,-1,Anomalia,2.095405544797355,-0.49810595860205287,0.8060479177048694
2009-07-05 14:00:00,1.3103666666666667,0.16776666666666668,240.345,5.613333333333333,0.0,3.433333333333333,11.366666666666667,-1,Anomalia,1.5626304398099717,0.9143988969875281,0.18549077123125676
2009-07-06 03:00:00,0.37520000000000003,0.27863333333333334,243.62083333333334,1.9100000000000001,0.0,1.1833333333333333,1.85,-1,Anomalia,1.4066123026750752,-0.9845916087582296,1.9540847716762626
2009-07-06 23:00:00,1.4233333333333333,0.15636666666666665,243.3805,5.88,3.75,0.0,14.5,-1,Anomalia,1.6785446545652363,0.9377363588149407,-0.22384271600574782
2009-07-08 12:00:00,0.46463333333333334,0.1712,242.82366666666667,2.106666666666667,0.0,0.8333333333333334,3.316666666666667,-1,Anomalia,1.4241403434864437,-1.089183475591818,0.7003098038945336
2009-07-08 20:00:00,1.4781666666666666,0.14436666666666667,240.375,6.206666666666667,0.0,3.75,14.2,-1,Anomalia,1.5533671844450536,1.2161190193689915,-0.21495821926019237
2009-07-10 22:00:00,1.8979642857142858,0.27492857142857147,241.25,7.989285714285714,0.0,4.053571428571429,1.7142857142857142,-1,Anomalia,1.4384287667692308,1.4409067232366777,1.8675719748745527
2009-07-11 14:00:00,1.9073333333333333,0.1588,240.90349999999998,7.8966666666666665,2.9833333333333334,0.21666666666666667,19.35,-1,Anomalia,1.6357189436692317,2.0797531787046584,-0.7801610021809694
2009-07-16 06:00:00,0.42743333333333333,0.20286666666666667,243.41566666666668,1.9733333333333334,0.0,1.45,3.1666666666666665,-1,Anomalia,1.4186690031148372,-1.0696970871865406,1.1474335282159376
2009-07-18 06:00:00,0.21066666666666667,0.07933333333333333,244.42766666666665,0.91,0.0,0.15,0.6666666666666666,-1,Anomalia,1.5281414424845825,-2.1165733461655765,0.028955850015689375
2009-07-23 03:00:00,0.9756,0.1238,241.121,4.153333333333333,1.5,0.0,11.383333333333333,-1,Anomalia,1.543944868374173,0.1432396341677905,-0.5148036367606593
2009-07-24 20:00:00,0.35446666666666665,0.09983333333333334,242.8145,1.5433333333333332,0.0,0.0,3.3333333333333335,-1,Anomalia,1.5680795044294493,-1.533627991583055,-0.08878853620115565
2009-07-25 03:00:00,0.17973333333333336,0.06783333333333334,243.58033333333333,0.85,0.0,0.0,0.6666666666666666,-1,Anomalia,1.5886338363386847,-2.095289731613382,-0.1469832989257537
2009-07-29 17:00:00,0.5243666666666666,0.08176666666666667,241.45116666666667,2.3266666666666667,3.25,0.0,1.6,-1,Anomalia,1.8493145455445492,-0.9850279356802963,-0.060688051093615886
2009-07-30 19:00:00,0.5373666666666667,0.08766666666666666,242.21583333333334,2.466666666666667,0.0,1.4166666666666667,0.65,-1,Anomalia,1.523643070558477,-1.2858178661894446,0.08889190977975384
2009-08-05 19:00:00,0.22483333333333333,0.1238,240.8945,1.0733333333333335,0.0,0.1,0.65,-1,Anomalia,1.4341611826858838,-1.5341554154319583,0.252325823987083
2009-08-10 09:00:00,0.49946666666666667,0.2021666666666667,240.983,2.3200000000000003,0.0,0.9833333333333333,4.366666666666666,-1,Anomalia,1.5505842417672713,-0.6532761635385649,0.8426164213000591
2009-08-10 18:00:00,1.1763000000000001,0.17393333333333333,239.66233333333332,5.03,0.0,4.483333333333333,12.016666666666667,-1,Anomalia,1.4396045558864343,0.9356125120214911,0.343952622776107
2009-08-11 19:00:00,1.3659333333333334,0.4393,240.48966666666666,6.1433333333333335,0.0,6.433333333333334,8.266666666666667,-1,Anomalia,1.493907765683804,1.9185615280054482,3.4498850247054773
2009-08-13 23:00:00,1.214,0.14093333333333333,240.83566666666667,5.213333333333334,6.466666666666667,8.75,1.8333333333333333,-1,Anomalia,1.4202500986078088,1.0862528136478602,1.757695235456367
2009-08-15 04:00:00,0.4439666666666667,0.15120000000000003,243.22933333333333,1.9533333333333334,0.0,0.26666666666666666,4.016666666666667,-1,Anomalia,1.6314947137578113,-1.2379499514975176,0.4085480283537903
2009-08-16 11:00:00,0.6550999999999999,0.2727333333333333,239.24666666666664,3.0966666666666667,0.0,5.216666666666667,1.7666666666666666,-1,Anomalia,1.4218676125401775,0.1400446238596207,2.1635979961554397
2009-08-16 17:00:00,1.0410666666666666,0.5286000000000001,240.37833333333336,4.92,0.0,1.2333333333333334,7.0,-1,Anomalia,1.6078836067243785,1.3940669760053457,3.7306097485838268
2009-08-18 09:00:00,0.3768666666666667,0.08803333333333334,243.35683333333333,1.6266666666666665,0.0,0.0,2.7666666666666666,-1,Anomalia,1.3938329322170866,-1.6365963896022435,-0.14137516008083847
2009-08-18 16:00:00,0.561,0.21443333333333334,241.29799999999997,2.5266666666666664,0.0,0.6833333333333333,4.483333333333333,-1,Anomalia,1.401225938197192,-0.5902313808681758,0.9175721855474283
2009-08-22 12:00:00,1.2648000000000001,0.40546666666666664,240.25183333333334,5.6466666666666665,1.15,5.116666666666666,6.1,-1,Anomalia,1.3932560602107702,1.5950843294482349,3.15847226219492
2009-08-22 17:00:00,1.4941,0.5635333333333333,240.06033333333335,6.8133333333333335,8.0,4.5,1.6833333333333333,-1,Anomalia,1.448345994107505,2.823592710946634,5.272666432170751
2009-08-22 18:00:00,3.1777666666666664,0.7743333333333333,238.74583333333334,13.846666666666666,18.95,1.2,16.983333333333334,-1,Anomalia,1.9267546879342092,7.524112732612297,6.123881750274647
2009-08-26 11:00:00,0.45313333333333333,0.1245,242.96533333333335,1.97,0.0,0.0,4.416666666666667,-1,Anomalia,1.44737349798742,-1.280079880691813,0.06789142163752121
2009-08-28 11:00:00,0.4756666666666666,0.14833333333333334,240.38500000000002,2.1266666666666665,2.433333333333333,0.03333333333333333,1.65,-1,Anomalia,2.7095625217370767,-0.7845650235437078,0.48879881571883455
2009-08-28 15:00:00,0.7172999999999999,0.2615,241.93833333333333,3.21,0.0,3.933333333333333,1.65,-1,Anomalia,2.0172572517704084,-0.2392375862511486,2.0211957432887377
2009-08-28 16:00:00,0.39276666666666665,0.12353333333333333,241.59616666666668,1.7333333333333334,0.0,1.35,1.6166666666666667,-1,Anomalia,1.4919237917843966,-1.2645824930988776,0.3670529119492085
2009-08-28 18:00:00,0.5720666666666666,0.21513333333333332,242.77983333333336,2.6333333333333333,0.8333333333333334,2.533333333333333,1.6333333333333333,-1,Anomalia,2.06845123378129,-0.68870890514218,1.5040378395656069
2009-08-29 15:00:00,1.7744666666666666,0.3612,239.368,7.676666666666666,0.0,5.916666666666667,15.25,-1,Anomalia,1.4290824342957797,2.6574891314187075,2.0116299268209734
2009-09-06 13:00:00,0.9635,0.0819,244.12316666666666,3.993333333333333,3.55,0.0,8.433333333333334,-1,Anomalia,2.466319719268693,-0.33916165344359384,-0.4266199141922308
2009-09-09 15:00:00,0.4179,0.24606666666666666,241.67766666666665,1.9933333333333332,0.0,2.2666666666666666,1.5333333333333334,-1,Anomalia,1.4036050600273053,-0.7677586385803368,1.6933736718772487
2009-09-10 23:00:00,0.5329333333333334,0.10656666666666667,246.15,2.2933333333333334,2.9,0.016666666666666666,1.4666666666666666,-1,Anomalia,2.283791600068299,-1.4880543078618427,0.43431736564231466
2009-09-12 09:00:00,1.3277666666666665,0.09026666666666668,241.14483333333334,5.47,1.1833333333333333,0.0,18.166666666666668,-1,Anomalia,1.8342476359369482,0.8138573417423134,-1.375721184335715
2009-09-12 16:00:00,1.0043666666666666,0.2045,243.234,4.3533333333333335,4.5,4.35,1.4666666666666666,-1,Anomalia,1.4843803344051651,0.24068008506290112,1.8345964427353747
2009-09-13 16:00:00,0.5796666666666667,0.12703333333333333,241.02333333333334,2.4766666666666666,1.5833333333333333,0.5666666666666667,0.6666666666666666,-1,Anomalia,2.0697450942899267,-0.8992418387030058,0.38054883028170244
2009-09-19 14:00:00,1.7225,0.17099999999999999,239.73266666666666,7.203333333333333,1.1333333333333333,4.216666666666667,19.033333333333335,-1,Anomalia,1.4182878424524965,2.0950361980410888,-0.2198667256268455
2009-09-27 15:00:00,0.5761666666666667,0.2248,241.11183333333335,2.6300000000000003,3.5,0.5,1.4,-1,Anomalia,1.5225376505788393,-0.35977438063423056,1.402308108243269
2009-09-27 16:00:00,0.8102333333333332,0.12293333333333334,241.90483333333336,3.5033333333333334,5.016666666666667,4.066666666666666,1.4166666666666667,-1,Anomalia,1.4057623748544064,-0.10390015857125916,1.0039998177744245
2009-09-27 23:00:00,1.5664,0.08583333333333334,243.1595,6.406666666666666,3.033333333333333,0.0,19.566666666666666,-1,Anomalia,1.8270590570576004,1.1233072554179153,-1.3294094859785714
2009-09-28 23:00:00,0.4473666666666667,0.12683333333333333,245.41,1.93,0.0,0.23333333333333334,3.933333333333333,-1,Anomalia,1.6419206892496931,-1.576443874189181,0.2943884837186121
2009-09-30 10:00:00,1.5343333333333333,0.07329999999999999,239.707,6.36,0.0,2.95,19.033333333333335,-1,Anomalia,2.110177857333494,1.3361116974748022,-1.383488231828073
2009-10-02 01:00:00,0.19560000000000002,0.07673333333333333,245.8445,0.8466666666666666,0.0,0.0,0.7666666666666667,-1,Anomalia,1.3927488902774032,-2.313478772282976,0.059031643048022865
2009-10-03 08:00:00,1.5574666666666668,0.08186666666666667,237.978,6.506666666666666,3.25,0.0,18.75,-1,Anomalia,1.5619635336414865,1.6965235164082137,-1.5943544041490263
2009-10-04 07:00:00,0.3950333333333333,0.08333333333333333,240.01899999999998,1.7366666666666668,0.0,0.05,3.9166666666666665,-1,Anomalia,1.4325468042343643,-1.1702728830830276,-0.4476247798772205
2009-10-07 15:00:00,0.4658333333333333,0.0945,241.67000000000002,1.9966666666666666,0.0,1.0666666666666667,1.4833333333333334,-1,Anomalia,1.442133901161449,-1.3014348690535569,0.041174424965757364
2009-10-14 07:00:00,3.3853333333333335,0.15236666666666665,235.5256666666667,14.35,0.15,0.43333333333333335,18.383333333333333,-1,Anomalia,1.660587116268601,4.388900891649365,-1.5690142465637849
2009-10-15 22:00:00,1.2577,0.1411666666666667,240.27383333333333,5.306666666666667,2.65,0.75,1.4166666666666667,-1,Anomalia,1.4768766574956584,0.28684037939330664,0.37129008415094944
2009-10-17 17:00:00,3.1629,0.5866333333333333,234.59766666666667,13.81,18.966666666666665,3.15,18.25,-1,Anomalia,1.5414967777249429,7.587043652523317,4.255880678493886
2009-10-20 05:00:00,0.4627666666666667,0.07766666666666668,245.41916666666665,1.9366666666666668,0.0,0.0,3.55,-1,Anomalia,1.3939545452335498,-1.7596446121247071,-0.19514417670131678
2009-10-20 20:00:00,2.7731333333333335,0.05023333333333334,235.79316666666668,11.72,0.0,0.0,15.533333333333333,-1,Anomalia,1.4002722191902586,3.008583235969108,-2.298994067701358
2009-10-21 08:00:00,1.9021666666666666,0.07293333333333334,241.6925,7.8100000000000005,2.4,0.0,19.166666666666668,-1,Anomalia,1.609989572882687,1.617627334101455,-1.6271904020167536
2009-10-21 18:00:00,2.2743666666666664,0.14876666666666666,242.36116666666666,9.416666666666666,0.0,4.666666666666667,8.416666666666666,-1,Anomalia,1.7214825320579474,1.7889958833429211,0.27057515256254594
2009-10-21 23:00:00,0.6848666666666666,0.11766666666666666,245.6445,2.8433333333333333,2.6166666666666667,0.3333333333333333,3.466666666666667,-1,Anomalia,1.8703755717872117,-1.1030234503597303,0.37930280098013697
2009-10-24 15:00:00,0.5198333333333334,0.1028,242.03766666666667,2.2800000000000002,1.7166666666666666,0.08333333333333333,1.2666666666666666,-1,Anomalia,2.3780138480854593,-1.1522549986989898,0.11444985400031105
2009-10-25 15:00:00,2.1286,0.5286666666666666,241.17849999999999,9.323333333333332,0.95,18.35,4.85,-1,Anomalia,1.5630898036265748,3.830530056205693,6.16013427115366
2009-10-27 00:00:00,0.39949999999999997,0.14400000000000002,241.04100000000003,1.77,1.2833333333333334,0.7333333333333333,0.65,-1,Anomalia,2.577302869765231,-1.0973177233951898,0.5915215509684657
2009-10-28 23:00:00,0.47293333333333337,0.08783333333333333,241.48566666666665,2.0033333333333334,1.2666666666666666,0.18333333333333332,0.6666666666666666,-1,Anomalia,2.305487801599056,-1.2795162042173125,-0.026145200742093224
2009-10-29 14:00:00,1.078,0.2564,243.328,4.739999999999999,0.0,3.15,4.583333333333333,-1,Anomalia,1.4314465642825493,0.1738631390282902,1.6678621651339733
2009-10-29 15:00:00,3.4380666666666664,0.22856666666666667,239.5115,14.389999999999999,0.0,4.3,11.316666666666666,-1,Anomalia,1.5751090934026124,4.072404268980928,0.3876315337305206
2009-10-29 18:00:00,2.733366666666667,0.26843333333333336,237.4845,11.626666666666667,0.0,0.65,0.6333333333333333,-1,Anomalia,1.5497568522077247,2.7073420351057034,0.9915497966243909
2009-10-30 00:00:00,0.6514666666666666,0.06783333333333334,243.61616666666666,2.8033333333333332,4.15,0.0,0.6666666666666666,-1,Anomalia,1.444003657766611,-1.085871517451388,0.01653030051023666
2009-11-01 15:00:00,1.7385666666666668,0.12216666666666667,239.48433333333332,7.23,1.75,0.36666666666666664,16.783333333333335,-1,Anomalia,1.7305909039888658,1.6641261418928948,-1.0723027715276638
2009-11-01 17:00:00,2.4435333333333333,0.3151333333333334,233.72216666666665,10.526666666666667,0.0,0.8,17.366666666666667,-1,Anomalia,1.5240765694528344,3.83842491986382,0.23280181682509749
2009-11-03 09:00:00,1.6418333333333335,0.14226666666666665,239.52016666666665,6.996666666666667,8.716666666666667,6.216666666666667,0.6333333333333333,-1,Anomalia,1.4522759318915035,1.7897158804830435,1.4652203912438073
2009-11-03 18:00:00,2.9322333333333335,0.2735333333333333,236.89483333333334,12.363333333333333,0.0,0.4166666666666667,1.5,-1,Anomalia,1.547110845784701,3.0727920067746712,0.8768936768923947
2009-11-03 19:00:00,4.1258333333333335,0.14156666666666667,233.65583333333333,17.626666666666665,4.2,0.18333333333333332,11.966666666666667,-1,Anomalia,2.081879103459225,5.601286498428722,-1.308163971524627
2009-11-04 08:00:00,1.3371333333333333,0.06213333333333334,239.71183333333335,5.616666666666666,0.0,0.0,15.066666666666666,-1,Anomalia,1.3933577340014938,0.6409910251991439,-1.6103149867501252
2009-11-04 22:00:00,0.7498333333333334,0.16223333333333334,241.37783333333334,3.22,0.0,2.966666666666667,0.65,-1,Anomalia,1.7699667749411117,-0.5866885308986598,0.9446758790621768
2009-11-07 09:00:00,1.5443,0.1273,239.3845,6.45,2.566666666666667,0.7166666666666667,18.183333333333334,-1,Anomalia,1.9981490943738485,1.6140297274695121,-0.9743830431300428
2009-11-08 15:00:00,1.7906666666666666,0.24996666666666664,246.26749999999998,7.489999999999999,8.433333333333334,0.45,1.6,-1,Anomalia,1.7758782134890976,1.175187715501516,1.969526826946423
2009-11-08 19:00:00,2.9546,0.30263333333333337,241.22783333333334,12.29,0.0,7.1,18.483333333333334,-1,Anomalia,1.4165183466817677,4.027094602828076,1.247686346768234
2009-11-09 07:00:00,3.1622,0.15006666666666665,241.8955,13.063333333333333,0.0,0.36666666666666664,19.4,-1,Anomalia,1.3925473205339864,3.3273166395071594,-1.2597536169826076
2009-11-12 20:00:00,2.298,0.0827,232.36666666666667,9.926666666666668,14.316666666666666,0.0,1.5333333333333334,-1,Anomalia,1.6608686854194676,3.4924041176324074,-0.24845162882778685
2009-11-15 02:00:00,1.3710666666666667,0.12813333333333332,243.42416666666668,5.633333333333334,4.1,0.6833333333333333,13.933333333333334,-1,Anomalia,1.5894509128471077,0.8156718614755737,-0.3287709497977564
2009-11-15 17:00:00,4.2462333333333335,0.4514333333333333,232.07616666666667,18.470000000000002,0.0,19.233333333333334,17.133333333333333,-1,Anomalia,1.4621187705626153,8.135038019023257,3.6832687825569326
2009-11-15 18:00:00,4.393166666666667,0.3327666666666667,233.1765,18.976666666666667,0.0,27.883333333333333,11.933333333333334,-1,Anomalia,1.428884175648106,8.097382309905091,4.118234433310145
2009-11-18 09:00:00,2.2239333333333335,0.058866666666666664,240.43400000000003,9.226666666666667,8.716666666666667,5.65,18.35,-1,Anomalia,2.3108934885549774,3.0791498614166497,-0.6514336001389689
2009-11-18 11:00:00,2.6479666666666666,0.1925,240.70333333333335,11.286666666666667,25.216666666666665,13.5,0.65,-1,Anomalia,1.614189569308318,5.194114455141169,3.883154792360943
2009-11-18 13:00:00,1.8244,0.19123333333333334,243.5315,7.553333333333333,2.35,0.15,19.633333333333333,-1,Anomalia,1.5718943775846648,1.7210963087193618,-0.3656454351633595
2009-11-25 15:00:00,0.5004666666666666,0.271,245.46,2.32,0.0,0.85,1.5,-1,Anomalia,1.541850645918083,-1.1142916801239673,1.9335558321611621
2009-11-26 14:00:00,0.5249,0.04206666666666667,245.02966666666669,2.1533333333333338,0.0,0.0,0.6666666666666666,-1,Anomalia,1.479816737968544,-1.9084487684742295,-0.39025306652675784
2009-11-29 08:00:00,1.7794666666666668,0.059033333333333333,243.54799999999997,7.326666666666666,0.0,0.0,14.5,-1,Anomalia,1.561155344159166,0.7228586312524045,-1.4827748587322351
2009-12-02 13:00:00,1.8153000000000001,0.0765,243.29283333333333,7.473333333333333,2.45,0.31666666666666665,18.8,-1,Anomalia,1.766724142959632,1.3382767581483492,-1.4117596301102389
2009-12-02 16:00:00,2.0566666666666666,0.10036666666666667,242.983,8.46,0.0,4.15,10.416666666666666,-1,Anomalia,1.5792186718577068,1.33898777524067,-0.3201292553967297
2009-12-02 20:00:00,2.7126333333333337,0.09943333333333333,237.19099999999997,11.516666666666667,0.0,4.183333333333334,15.216666666666667,-1,Anomalia,1.9864272391717148,3.1910811145777727,-1.1153762084242662
2009-12-03 05:00:00,0.46323333333333333,0.059133333333333336,244.76049999999998,1.9366666666666668,0.0,0.0,2.533333333333333,-1,Anomalia,1.4235374073479872,-1.7973246636732025,-0.3472183366250091
2009-12-05 18:00:00,3.6998,0.3347333333333333,235.48616666666666,15.716666666666667,0.0,0.0,16.75,-1,Anomalia,1.7813767922098709,5.272604878549339,0.1724808602359378
2009-12-07 14:00:00,0.5618333333333333,0.09326666666666666,247.33716666666666,2.386666666666667,0.0,0.0,4.333333333333333,-1,Anomalia,1.3938835629922206,-1.7518252023224987,-0.00854823229559834
2009-12-11 15:00:00,2.0787333333333335,0.2906333333333333,247.33866666666665,8.46,0.0,0.0,20.183333333333334,-1,Anomalia,1.7256088607548434,1.7114607792418315,0.558557742599644
2009-12-11 16:00:00,2.104033333333333,0.11769999999999999,245.87666666666667,8.513333333333334,0.0,0.5833333333333334,19.466666666666665,-1,Anomalia,1.4255403638277546,1.3526482063510585,-1.0868845453596037
2009-12-11 20:00:00,1.2196666666666667,0.15306666666666666,244.27166666666665,5.013333333333334,3.4833333333333334,0.4,3.8,-1,Anomalia,1.4918529855794727,-0.02614128959258736,0.573473418389665
2009-12-12 15:00:00,1.0629,0.26130000000000003,248.49316666666667,4.473333333333333,0.0,8.566666666666666,1.4166666666666667,-1,Anomalia,1.8316431686961294,-0.27385595897501325,2.98660289202333
2009-12-12 16:00:00,1.3632333333333333,0.42423333333333335,245.77183333333332,5.946666666666667,0.0,6.183333333333334,0.6833333333333333,-1,Anomalia,1.8668503513131127,0.7995178633557288,4.061942866312022
2009-12-12 17:00:00,4.241333333333333,0.6369,238.20116666666667,18.08,0.0,25.45,16.633333333333333,-1,Anomalia,1.545813525893677,8.3378059891358,6.760127371137525
2009-12-12 23:00:00,0.5521333333333334,0.07210000000000001,247.61283333333333,2.24,0.0,0.36666666666666664,2.966666666666667,-1,Anomalia,1.4713020259734564,-1.930916712490732,-0.05439799974875999
2009-12-13 11:00:00,2.2030000000000003,0.3201,245.26766666666666,9.129999999999999,8.066666666666666,0.8,12.9,-1,Anomalia,1.4028083084598726,2.6499264438818284,1.800904332015064
2009-12-14 10:00:00,0.4504,0.05923333333333334,246.61633333333333,1.8266666666666667,0.0,0.0,3.216666666666667,-1,Anomalia,1.830848998836116,-2.000945523759457,-0.2818654871364381
2009-12-14 20:00:00,2.5630333333333337,0.05463333333333333,244.7635,10.426666666666668,0.0,0.0,19.016666666666666,-1,Anomalia,1.4653723106956122,1.8267878560642106,-1.9203152343925374
2009-12-14 22:00:00,2.346366666666667,0.111,246.68233333333333,9.553333333333335,5.683333333333334,5.966666666666667,11.4,-1,Anomalia,1.4934327140954242,2.0172781296776545,0.48778932743986025
2009-12-14 23:00:00,0.7476666666666667,0.20129999999999998,250.17616666666666,3.1566666666666667,3.8833333333333333,1.1333333333333333,1.4166666666666667,-1,Anomalia,2.011940177531393,-1.2074810825864057,1.762964398410835
2009-12-15 16:00:00,2.0676,0.06313333333333333,247.19366666666667,8.293333333333333,0.0,0.0,19.4,-1,Anomalia,1.482397540813912,0.9242187698339166,-1.613762942895248
2009-12-15 22:00:00,1.7049666666666667,0.13056666666666666,247.62633333333332,6.97,9.116666666666667,0.0,12.3,-1,Anomalia,1.4423933782082923,1.1085747280074851,0.1895655180516014
2009-12-16 04:00:00,0.31096666666666667,0.08220000000000001,251.07833333333335,1.2866666666666666,0.0,0.0,0.7166666666666667,-1,Anomalia,1.506763757055199,-2.7576499868591497,0.3857790925602018
2009-12-16 14:00:00,0.8975000000000001,0.10376666666666666,248.91083333333333,3.74,0.0,8.316666666666666,0.7,-1,Anomalia,2.2328195566609685,-1.1081232191752821,1.521562352466294
2009-12-16 15:00:00,1.5815,0.20536666666666664,249.27383333333333,6.6899999999999995,0.0,18.083333333333332,3.433333333333333,-1,Anomalia,1.5893971894925323,0.8929765939838012,3.5839411458571213
2009-12-16 16:00:00,1.5498333333333332,0.12186666666666666,247.97766666666666,6.36,0.0,8.366666666666667,10.416666666666666,-1,Anomalia,1.5378436982625472,0.43707355092748723,0.8798508819880634
2009-12-17 16:00:00,0.4144333333333333,0.0746,251.71099999999998,1.66,0.0,0.0,2.25,-1,Anomalia,1.715515537090912,-2.644105829790525,0.2261591232876369
2009-12-17 19:00:00,2.6106333333333334,0.16266666666666665,246.60083333333333,10.53,0.0,0.0,13.416666666666666,-1,Anomalia,1.5825863818970138,1.7051411126178881,-0.407495050918509
2009-12-18 19:00:00,2.2414666666666667,0.21443333333333334,243.78366666666668,9.266666666666667,0.0,0.6166666666666667,9.166666666666666,-1,Anomalia,1.4365165929868853,1.5613855816570474,0.3774890713042907
2009-12-19 02:00:00,1.3840000000000001,0.051533333333333334,246.27766666666668,5.583333333333333,0.0,0.0,0.6833333333333333,-1,Anomalia,1.489587822466246,-0.9043015264983463,-0.41580716419615654
2009-12-19 03:00:00,1.3799666666666668,0.03716666666666667,247.52266666666668,5.53,0.0,0.0,0.7,-1,Anomalia,1.4979235354714677,-1.104637507774344,-0.48521887631790367
2009-12-19 06:00:00,1.6378666666666668,0.04056666666666667,246.96866666666668,6.58,0.0,0.0,4.333333333333333,-1,Anomalia,1.4291934027800706,-0.4946250352345115,-0.7756250844846921
2009-12-19 07:00:00,3.3690333333333333,0.12716666666666668,241.72216666666665,13.896666666666667,0.0,0.0,19.433333333333334,-1,Anomalia,1.5712784561107793,3.5219144031466882,-1.592286475508918
2009-12-19 13:00:00,2.2103666666666664,0.06166666666666667,245.78733333333332,9.03,9.75,3.1666666666666665,18.5,-1,Anomalia,1.5183369729375382,2.3688560839227484,-0.6111519343379794
2009-12-19 14:00:00,1.9924333333333335,0.12643333333333334,248.04350000000002,8.013333333333334,9.283333333333333,0.6666666666666666,18.833333333333332,-1,Anomalia,1.4614136131631759,1.8170078290206406,-0.2063066253912839
2009-12-19 20:00:00,0.6323000000000001,0.1234,246.49183333333335,2.6866666666666665,0.0,4.816666666666666,0.0,-1,Anomalia,3.3245445375074545,-1.3786675436800566,1.1847706827263593
2009-12-20 02:00:00,0.6015333333333334,0.0869,249.67433333333332,2.4433333333333334,0.0,0.7166666666666667,5.166666666666667,-1,Anomalia,1.7197318390343792,-1.9149062374666797,0.10204254605403464
2009-12-20 06:00:00,0.2636,0.05893333333333333,251.235,1.0533333333333335,0.0,0.0,0.0,-1,Anomalia,1.5624467010552456,-2.9576066093668167,0.22538856868619345
2009-12-20 15:00:00,0.38699999999999996,0.12046666666666667,251.71983333333336,1.6166666666666667,0.0,0.6833333333333333,0.0,-1,Anomalia,1.6651088278450472,-2.5999182568136967,0.9213670878769497
2009-12-21 03:00:00,0.5978666666666667,0.0514,248.80433333333335,2.4266666666666667,0.0,0.0,5.733333333333333,-1,Anomalia,1.5486346851925312,-1.9496258989571142,-0.43073895611611474
2009-12-21 06:00:00,0.5726666666666667,0.05173333333333333,250.04733333333334,2.3666666666666667,0.0,0.0,0.0,-1,Anomalia,1.5160401496505767,-2.4285024423093686,0.019025650606068863
2009-12-21 21:00:00,2.932466666666667,0.2662,244.45016666666666,12.023333333333333,5.283333333333333,0.0,18.3,-1,Anomalia,1.4817603452420776,3.4959984366191814,0.4284873715121502
2009-12-23 14:00:00,0.2843,0.09746666666666666,250.92749999999998,1.1866666666666668,0.0,0.0,0.0,-1,Anomalia,1.402307183165584,-2.7637389939782246,0.5784303244213769
2009-12-23 15:00:00,0.25526666666666664,0.05213333333333334,251.012,1.0233333333333332,0.0,0.0,0.0,-1,Anomalia,1.5338242433035956,-2.9638645176657605,0.14820209191561545
2009-12-24 09:00:00,1.0532,0.2741,244.92116666666666,4.453333333333333,0.0,0.6833333333333333,0.0,-1,Anomalia,1.4242629592514313,-0.42692449707881014,1.8885096987241323
2009-12-24 11:00:00,1.6114666666666666,0.0494,244.41433333333333,6.526666666666667,0.0,0.0,13.933333333333334,-1,Anomalia,1.656482772364513,0.32198182885600574,-1.4515893816564325
2009-12-24 15:00:00,3.508666666666667,0.1461,248.4055,14.193333333333333,0.0,20.183333333333334,20.35,-1,Anomalia,1.5988380213905238,4.332912695255268,1.7408925596708869
2009-12-24 16:00:00,4.533266666666666,0.3423,246.2255,18.52,0.0,22.066666666666666,20.016666666666666,-1,Anomalia,1.5959568149240744,6.68965200753625,3.5922401352735434
2009-12-24 17:00:00,4.670966666666667,0.11076666666666667,241.99766666666667,19.34,0.0,28.783333333333335,18.6,-1,Anomalia,1.4877269133382192,7.028227102324057,2.100348781717329
2009-12-25 14:00:00,1.6162666666666667,0.121,246.0245,6.64,4.883333333333334,0.9333333333333333,12.15,-1,Anomalia,1.4419817645273365,0.8088259032465612,-0.10472967095688938
2009-12-25 15:00:00,3.662,0.38,244.17683333333335,15.046666666666665,45.3,0.0,0.6666666666666666,-1,Anomalia,1.417824288550621,7.654559558903595,5.0702327495391595
2009-12-25 16:00:00,1.5948333333333333,0.2648,245.35833333333332,6.663333333333333,5.9,0.0,3.4166666666666665,-1,Anomalia,1.5585914515575638,0.897036467079189,1.76294695469316
2009-12-28 15:00:00,1.7176333333333331,0.0969,247.888,6.8933333333333335,0.0,3.2,19.5,-1,Anomalia,1.6475409015755815,0.7132200410677365,-0.7225290272877476
2009-12-29 15:00:00,2.813533333333333,0.1177,245.84083333333334,11.43,5.216666666666667,0.0,19.166666666666668,-1,Anomalia,1.4643745443195662,2.727017342328639,-0.9742616651659283
2009-12-30 19:00:00,3.7885,0.47573333333333334,240.12466666666666,16.013333333333332,0.0,30.866666666666667,0.65,-1,Anomalia,1.5569743502902431,6.463796184256394,7.203664560619345
2009-12-30 21:00:00,2.9651666666666667,0.16233333333333333,238.26066666666665,12.436666666666667,1.2,6.866666666666666,18.033333333333335,-1,Anomalia,1.4068106972016956,4.024869165955938,-0.22038334352184719
2010-01-01 10:00:00,1.4718666666666667,0.07170000000000001,241.01366666666667,6.046666666666667,0.0,0.0,14.983333333333333,-1,Anomalia,1.607459962860787,0.6744069667287913,-1.4650284721311104
2010-01-05 16:00:00,2.4156666666666666,0.05003333333333334,246.56366666666665,9.723333333333333,0.0,0.0,19.3,-1,Anomalia,1.6462157563775714,1.4089906719496668,-1.8473853521643941
2010-01-06 00:00:00,0.8409333333333333,0.057866666666666663,246.63316666666665,3.5166666666666666,9.133333333333333,0.0,0.6833333333333333,-1,Anomalia,1.8359544146969715,-0.759577779906629,0.36715769548824184
2010-01-06 06:00:00,1.6150333333333333,0.11823333333333333,245.9245,6.623333333333333,0.0,0.6666666666666666,14.75,-1,Anomalia,1.3949934928335521,0.47340583417572984,-0.6561266559683167
2010-01-06 10:00:00,1.7487,0.1209,244.89683333333332,7.1433333333333335,0.0,3.65,19.05,-1,Anomalia,1.996408069886368,1.202142463545941,-0.5736494690877006
2010-01-06 20:00:00,3.390633333333333,0.04516666666666667,241.502,14.03,9.283333333333333,0.15,18.55,-1,Anomalia,1.4451688148896107,4.152691950454617,-1.7374210123848883
2010-01-07 05:00:00,0.45413333333333333,0.076,248.76899999999998,1.9466666666666665,0.0,0.13333333333333333,2.7,-1,Anomalia,1.428200480036278,-2.1938842531910776,0.05211747073387338
2010-01-07 14:00:00,0.5441333333333334,0.07296666666666667,247.43033333333332,2.21,0.0,0.0,4.066666666666666,-1,Anomalia,1.5731131903702407,-1.8819218141277512,-0.17776645109617842
2010-01-07 21:00:00,2.6122,0.06926666666666666,243.28266666666664,10.68,3.6,0.48333333333333334,18.816666666666666,-1,Anomalia,1.6747841049811563,2.4764782283738396,-1.5609348610784188
2010-01-10 16:00:00,3.570133333333333,0.26353333333333334,242.6461666666667,14.746666666666666,5.133333333333334,1.7333333333333334,18.716666666666665,-1,Anomalia,1.544292090998367,4.677074297020898,0.3663615448285437
2010-01-11 15:00:00,0.4392333333333333,0.2127,250.2185,1.8666666666666667,0.0,1.2,0.7166666666666667,-1,Anomalia,1.5818502259723652,-1.9837023386467707,1.7512023095658633
2010-01-11 16:00:00,0.5303333333333333,0.23336666666666664,250.46016666666668,2.243333333333333,0.0,1.1666666666666667,0.7166666666666667,-1,Anomalia,1.5064836881635162,-1.8272105994867947,1.9416424869324487
2010-01-11 18:00:00,1.7768666666666666,0.0674,245.90483333333333,7.1866666666666665,0.0,0.0,14.283333333333333,-1,Anomalia,1.411227944488496,0.441043148891969,-1.2506968537504435
2010-01-12 14:00:00,2.50811320754717,0.19977358490566036,244.9820754716981,10.283018867924529,10.415094339622641,5.60377358490566,19.056603773584907,-1,Anomalia,1.633284626702661,3.55485732153161,0.9762894791449758
2010-01-14 22:00:00,1.7303333333333335,0.22949999999999998,244.721,7.196666666666667,9.483333333333333,0.0,1.1333333333333333,-1,Anomalia,1.4220360193559674,1.2452451245987715,1.7309379381029995
2010-01-15 23:00:00,0.9502,0.11706666666666667,247.07933333333332,3.9166666666666665,8.866666666666667,0.16666666666666666,0.6833333333333333,-1,Anomalia,1.6414968412237065,-0.49950310541901827,0.9535920125630958
2010-01-16 15:00:00,1.8181666666666667,0.23746666666666666,246.70016666666666,7.34,0.0,0.7333333333333333,19.316666666666666,-1,Anomalia,1.4995779898743906,1.2653017062644871,0.22234142696031683
2010-01-19 21:00:00,3.0139333333333336,0.14683333333333334,239.52666666666667,12.58,0.0,6.6,18.25,-1,Anomalia,1.4527349809476113,3.7656379548082985,-0.43843779002254957
2010-01-20 14:00:00,0.7147,0.24496666666666667,246.37383333333335,3.1599999999999997,0.0,4.733333333333333,0.6833333333333333,-1,Anomalia,2.111210339065972,-0.8145003536575541,2.287076960390737
2010-01-22 23:00:00,0.6889000000000001,0.11596666666666668,244.0395,2.8633333333333337,3.0,0.0,1.5666666666666667,-1,Anomalia,1.866670709582646,-1.0056383501348585,0.37200470803345376
2010-01-23 18:00:00,5.265533333333334,0.37006666666666665,234.64849999999998,22.553333333333335,0.0,36.3,13.3,-1,Anomalia,1.6537306656292283,9.826309531341499,5.4751169125551815
2010-01-24 14:00:00,2.6195333333333335,0.23043333333333335,245.0125,10.72,3.0,9.333333333333334,19.066666666666666,-1,Anomalia,1.4830892048820452,3.345467562356089,1.3050568610097657
2010-01-26 07:00:00,1.6356,0.0578,239.012,6.786666666666666,0.0,0.0,13.383333333333333,-1,Anomalia,1.5277426138290369,1.0019037798995976,-1.6473265203323704
2010-01-27 21:00:00,4.064066666666666,0.08896666666666667,236.2061666666667,17.246666666666666,14.6,0.2833333333333333,18.6,-1,Anomalia,1.5021644687783116,6.375662718159685,-1.4110983168863271
2010-01-29 08:00:00,3.7790000000000004,0.14049999999999999,240.1225,15.78,9.95,7.566666666666666,18.333333333333332,-1,Anomalia,1.6134199204907769,5.695420250091341,0.1321250507068496
2010-01-30 12:00:00,0.4530333333333333,0.0665,243.64216666666667,1.8933333333333333,0.0,0.5833333333333334,2.4,-1,Anomalia,1.6620902818720968,-1.6266577948687424,-0.24484596211240894
2010-01-30 15:00:00,2.5688666666666666,0.2768,245.02233333333334,10.706666666666667,7.333333333333333,7.35,17.266666666666666,-1,Anomalia,1.507405004743299,3.6345519048355808,1.8785317359188356
2010-02-01 21:00:00,1.526,0.13333333333333333,238.11366666666666,6.343333333333333,1.2,0.6666666666666666,18.033333333333335,-1,Anomalia,1.4146392227499383,1.611768980233185,-1.0672153919552094
2010-02-03 23:00:00,1.8606,0.1275,243.64283333333333,7.62,2.65,1.0666666666666667,19.6,-1,Anomalia,1.6650177944769164,1.6259028763898185,-0.8363482932040607
2010-02-06 00:00:00,1.2043,0.05173333333333333,243.05716666666666,4.96,4.633333333333334,0.0,11.083333333333334,-1,Anomalia,2.652861202279773,0.24645327923562996,-0.9361674511484421
2010-02-06 10:00:00,2.579733333333333,0.5475,236.99166666666667,11.139999999999999,0.0,7.766666666666667,18.55,-1,Anomalia,1.67717508150715,4.916112348940467,3.562353722565548
2010-02-06 22:00:00,2.8491,0.044566666666666664,241.654,11.696666666666665,0.0,0.0,19.133333333333333,-1,Anomalia,1.431605265355946,2.5532818568407185,-2.266603678009631
2010-02-07 03:00:00,0.47159999999999996,0.07403333333333334,245.85683333333333,1.9,0.0,0.0,3.0833333333333335,-1,Anomalia,1.465922918151097,-1.8471496601387372,-0.17590705232590398
2010-02-12 05:00:00,0.2969,0.034133333333333335,246.77266666666668,1.1666666666666667,0.0,0.0,0.7,-1,Anomalia,1.5227599908585163,-2.4425042990458445,-0.3201974358339807
2010-02-12 08:00:00,1.5895333333333332,0.06663333333333334,241.37416666666667,6.566666666666666,2.533333333333333,0.0,18.533333333333335,-1,Anomalia,1.7494270012523767,1.2067352714961055,-1.5889797461003268
2010-02-14 05:00:00,0.4985333333333334,0.06476666666666667,247.19,2.0033333333333334,0.0,0.0,0.7,-1,Anomalia,1.4097518468034793,-2.125504192257482,-0.042396947487334156
2010-02-15 01:00:00,0.28669999999999995,0.03233333333333333,244.20883333333333,1.1566666666666665,0.0,0.0,0.6666666666666666,-1,Anomalia,1.5565961661442458,-2.16170320643635,-0.4785127379118088
2010-02-16 14:00:00,1.8003666666666664,0.05843333333333333,245.24650000000003,7.2733333333333325,0.0,0.0,19.1,-1,Anomalia,1.4910303209626579,0.7782480376271892,-1.6927321018652761
2010-02-17 10:00:00,1.7429,0.0392,241.08616666666666,7.21,0.0,3.466666666666667,18.466666666666665,-1,Anomalia,1.550070174598408,1.3450099065025776,-1.574580145855271
2010-02-17 11:00:00,1.6329333333333333,0.04856666666666667,242.76383333333334,6.71,0.0,3.8,18.733333333333334,-1,Anomalia,2.023181868899055,1.0644841084563375,-1.333417712982223
2010-02-17 12:00:00,4.059933333333333,0.19283333333333333,241.45499999999998,16.923333333333332,0.0,41.833333333333336,18.516666666666666,-1,Anomalia,1.626122091607479,7.420768424857472,4.855115023366828
2010-02-18 14:00:00,1.9985666666666666,0.0948,245.90333333333334,8.28,4.533333333333333,0.0,19.2,-1,Anomalia,1.4567115821704508,1.5409212524506777,-1.0650796601652048
2010-02-21 11:00:00,5.0908,0.27566666666666667,238.41266666666667,22.009999999999998,23.933333333333334,28.65,18.733333333333334,-1,Anomalia,1.43685235472649,10.916290469131525,4.8989050117119755
2010-02-21 14:00:00,4.638199999999999,0.12333333333333332,239.15616666666668,19.766666666666666,47.983333333333334,0.15,18.183333333333334,-1,Anomalia,1.4062458785508372,10.023750536693289,1.1072105233813225
2010-02-21 22:00:00,2.1685999999999996,0.02393333333333333,239.21133333333333,9.003333333333334,0.0,0.1,18.183333333333334,-1,Anomalia,1.4385787924297568,1.8439263355679945,-2.3820832280683373
2010-02-26 20:00:00,2.543766666666667,0.04406666666666667,238.27316666666667,10.620000000000001,2.216666666666667,0.0,18.05,-1,Anomalia,1.3989787393148183,2.717727173025784,-2.186429259123626
2010-02-28 15:00:00,1.2580333333333333,0.048133333333333334,245.01933333333332,5.096666666666667,0.0,0.0,16.65,-1,Anomalia,1.4950002689412654,-0.06800720349050289,-1.5286837627557535
2010-03-05 02:00:00,1.3871,0.03363333333333333,241.95483333333334,5.67,0.0,0.0,15.816666666666666,-1,Anomalia,1.9236312969037008,0.3723911571463113,-1.8182246532867485
2010-03-05 06:00:00,0.4806,0.04126666666666667,244.33233333333334,1.95,0.0,0.0,0.6833333333333333,-1,Anomalia,1.4427455386147228,-1.8912562294181312,-0.42814619332660214
2010-03-07 07:00:00,0.48860000000000003,0.04616666666666667,245.8665,1.9600000000000002,0.0,0.0,0.6833333333333333,-1,Anomalia,1.4146250598787995,-2.0462363329430646,-0.29513822526120265
2010-03-07 10:00:00,0.4375666666666667,0.053233333333333334,242.27300000000002,1.8,0.0,0.0,3.05,-1,Anomalia,1.4894689840368394,-1.5392506114559854,-0.5720334578216413
2010-03-07 16:00:00,0.7693333333333334,0.018366666666666667,242.3535,3.1300000000000003,0.0,1.5833333333333333,0.6666666666666666,-1,Anomalia,2.3055660072704023,-1.2518097235278807,-0.6015340555001408
2010-03-08 07:00:00,2.9262333333333337,0.09366666666666666,242.00750000000002,12.143333333333334,0.0,9.883333333333333,19.233333333333334,-1,Anomalia,1.4413650763402468,3.4507909169423936,-0.3956812544376449
2010-03-10 15:00:00,1.7884333333333333,0.058133333333333335,244.941,7.223333333333334,0.0,0.0,19.05,-1,Anomalia,1.4400466342900076,0.7940442326640986,-1.7069684613034142
2010-03-10 18:00:00,1.5340666666666667,0.06416666666666666,240.3685,6.316666666666666,0.0,0.0,16.0,-1,Anomalia,1.5860359439467437,0.864279378795828,-1.6549081883964178
2010-03-14 13:00:00,1.7599333333333333,0.14336666666666667,241.34799999999998,7.4,3.05,0.23333333333333334,18.05,-1,Anomalia,1.4118185372194798,1.73901777198971,-0.7848241920554838
2010-03-14 16:00:00,0.7776666666666666,0.10179999999999999,242.1235,3.3833333333333333,0.0,3.066666666666667,0.6666666666666666,-1,Anomalia,1.8316443310784698,-0.8142190649147856,0.4026553463338821
2010-03-17 14:00:00,1.7026666666666666,0.19493333333333332,243.38066666666666,7.013333333333334,0.0,3.3666666666666667,19.4,-1,Anomalia,1.4859633860640242,1.563315512319302,0.009443219522803695
2010-03-17 15:00:00,1.6951,0.09233333333333334,243.7345,6.930000000000001,0.0,4.016666666666667,18.85,-1,Anomalia,1.551555424397597,1.1891148544287873,-0.8413980884550457
2010-03-21 14:00:00,1.7400333333333333,0.17273333333333335,241.45850000000002,7.256666666666666,2.85,1.1166666666666667,17.166666666666668,-1,Anomalia,1.9555369396909428,1.7759932343711748,-0.3166840328348911
2010-03-27 19:00:00,1.2546333333333335,0.06643333333333333,237.64416666666665,5.3566666666666665,0.0,4.516666666666667,0.6333333333333333,-1,Anomalia,1.5893652341513251,0.3165325773889557,-0.09301761360942404
2010-03-30 02:00:00,0.41226666666666667,0.2591333333333333,245.14133333333334,1.9166666666666667,0.0,0.0,0.6666666666666666,-1,Anomalia,1.4063680788578752,-1.339503800588774,1.7540130638147495
2010-03-31 11:00:00,1.9393,0.16263333333333335,231.5225,8.389999999999999,0.0,10.116666666666667,17.783333333333335,-1,Anomalia,1.8343935611001665,3.5681367466750267,0.024510080907252246
2010-03-31 12:00:00,2.007166666666667,0.12240000000000001,235.13766666666666,8.51,0.0,9.666666666666666,17.566666666666666,-1,Anomalia,1.4090200502453714,3.043732588345926,-0.22536361121222734
2010-03-31 14:00:00,0.4915333333333333,0.07486666666666666,241.70316666666668,2.0566666666666666,0.0,1.65,0.65,-1,Anomalia,2.074966956367576,-1.3479206426018016,-0.01656466543139209
2010-04-03 09:00:00,1.6327333333333334,0.07723333333333333,243.40666666666667,6.64,3.566666666666667,0.0,19.366666666666667,-1,Anomalia,1.9473475486696827,1.1875949164459505,-1.3659799007367668
2010-04-05 02:00:00,0.4473333333333333,0.06196666666666666,244.1935,1.8900000000000001,0.0,0.0,3.2666666666666666,-1,Anomalia,1.5086879737766759,-1.7010077352341835,-0.3960119444255042
2010-04-05 10:00:00,2.7682,0.08433333333333333,240.45933333333332,11.99,19.816666666666666,9.316666666666666,10.85,-1,Anomalia,1.5511839478260985,4.8371214413182,1.1826707315327438
2010-04-05 11:00:00,1.3233666666666666,0.09063333333333333,239.60399999999998,5.536666666666666,1.2666666666666666,1.2166666666666666,14.633333333333333,-1,Anomalia,1.5803012402026346,0.898421426573518,-1.0532373948404519
2010-04-05 15:00:00,0.5606000000000001,0.07326666666666666,245.58683333333332,2.3633333333333337,0.0,2.283333333333333,1.2,-1,Anomalia,2.6351333345689443,-1.6361243894099073,0.22472378321450276
2010-04-05 16:00:00,0.5683,0.07053333333333334,244.34083333333334,2.3466666666666662,0.0,2.8833333333333333,0.6833333333333333,-1,Anomalia,2.834284969941361,-1.486483051443006,0.24571727118123615
2010-04-07 21:00:00,1.7610333333333335,0.09893333333333333,239.34783333333334,7.35,2.6,0.0,6.366666666666666,-1,Anomalia,1.399505469857075,1.1321932819163396,-0.6339519898379437
2010-04-08 20:00:00,2.6542666666666666,0.12403333333333334,238.464,11.153333333333334,2.283333333333333,0.0,18.716666666666665,-1,Anomalia,1.4571438970378174,3.1521507195909626,-1.4604708240120385
2010-04-10 19:00:00,1.3529666666666667,0.14236666666666667,239.8743333333333,5.6433333333333335,2.6666666666666665,0.5166666666666667,13.533333333333333,-1,Anomalia,1.6565158078087372,1.0947104109859271,-0.47727168748403903
2010-04-12 04:00:00,0.38636666666666664,0.060200000000000004,243.03283333333331,1.62,0.0,0.0,2.3666666666666667,-1,Anomalia,1.5211294178315335,-1.704516450661573,-0.40633200391953783
2010-04-17 15:00:00,1.6395000000000002,0.03106666666666667,241.92366666666666,6.756666666666666,0.0,0.0,18.583333333333332,-1,Anomalia,1.6602476876209455,0.8582024848643005,-2.0813674788520187
2010-04-20 16:00:00,1.5280333333333334,0.0309,241.31783333333334,6.286666666666666,0.0,0.0,18.483333333333334,-1,Anomalia,1.594925903974109,0.7734059572321903,-2.085759644548229
2010-04-21 17:00:00,1.2767333333333333,0.07026666666666667,241.90200000000002,5.253333333333333,0.0,0.0,16.15,-1,Anomalia,1.4055223563554988,0.37397595652791726,-1.4618256829865308
2010-04-22 14:00:00,1.5782333333333334,0.06913333333333332,241.41366666666667,6.536666666666666,2.1666666666666665,0.016666666666666666,19.183333333333334,-1,Anomalia,2.0181388464152454,1.1997525399679554,-1.62355638223945
2010-04-26 14:00:00,0.4247666666666667,0.10273333333333333,242.20666666666665,1.82,1.1333333333333333,0.0,1.3166666666666667,-1,Anomalia,2.397765489056633,-1.3660025749006457,0.09351041351565516
2010-05-02 12:00:00,3.5630666666666664,0.4592333333333333,237.59183333333334,15.186666666666667,0.0,29.3,18.65,-1,Anomalia,1.4397915136529849,7.291741763344654,5.557893845905977
2010-05-02 14:00:00,1.9146333333333334,0.27366666666666667,240.53733333333332,8.073333333333332,0.0,4.466666666666667,19.083333333333332,-1,Anomalia,1.3980272094793755,2.5097003172002386,0.7426598240782732
2010-05-02 22:00:00,0.6179333333333333,0.0924,242.78433333333334,2.5866666666666664,2.45,0.0,1.1333333333333333,-1,Anomalia,2.068158010799382,-1.1019392237391425,0.07948459994870022
2010-05-03 21:00:00,2.3928000000000003,0.1076,231.8275,10.28,8.4,0.11666666666666667,17.816666666666666,-1,Anomalia,1.6350981983238912,4.086991773492947,-1.474892120096524
2010-05-04 00:00:00,0.3779,0.174,237.93566666666666,1.7233333333333334,0.0,1.05,0.6333333333333333,-1,Anomalia,1.39489215600867,-0.7639469011586485,0.6768263332718775
2010-05-04 16:00:00,0.7543333333333334,0.0735,236.263,3.2,0.0,0.0,8.05,-1,Anomalia,1.401489709382989,-0.07506296388850965,-1.109339448197254
2010-05-05 15:00:00,1.9371,0.06166666666666667,234.45066666666668,8.346666666666668,0.0,11.5,15.866666666666667,-1,Anomalia,1.4059613687842354,2.8858195355835443,-0.47457149230229806
2010-05-05 20:00:00,1.8826333333333334,0.142,234.75983333333335,8.360000000000001,6.95,0.43333333333333335,8.566666666666666,-1,Anomalia,1.4083037529993632,2.598047034645618,-0.31359637498547593
2010-05-05 21:00:00,3.1247,0.04976666666666667,231.90533333333332,13.473333333333333,8.35,0.0,12.516666666666667,-1,Anomalia,1.9659435855169545,4.589536567010637,-1.8766173681017249
2010-05-07 07:00:00,2.043266666666667,0.07559999999999999,233.5295,8.743333333333334,8.1,0.4166666666666667,18.15,-1,Anomalia,1.6366903067250906,3.320208892413209,-1.6102618517618474
2010-05-07 09:00:00,1.863,0.08123333333333332,232.34633333333335,7.983333333333333,8.383333333333333,0.36666666666666664,17.916666666666668,-1,Anomalia,1.939576595501725,3.244879312866519,-1.555489069931968
2010-05-07 12:00:00,1.6298333333333335,0.15823333333333334,235.41733333333335,6.91,0.0,0.2,17.566666666666666,-1,Anomalia,1.4436521577265582,1.9943372910097148,-1.1149188667513628
2010-05-16 11:00:00,0.6514666666666666,0.10163333333333333,239.679,2.7733333333333334,0.0,1.6833333333333333,1.4833333333333334,-1,Anomalia,1.5003893706923634,-0.760301355091614,0.04462199030350773
2010-05-19 11:00:00,1.7189666666666668,0.1177,241.88533333333334,7.116666666666666,0.0,3.3333333333333335,19.45,-1,Anomalia,1.71557241415818,1.5171537805005466,-0.8409490646713258
2010-05-24 08:00:00,0.8345333333333333,0.20043333333333332,237.69483333333335,3.7233333333333336,3.533333333333333,0.4,1.6833333333333333,-1,Anomalia,1.608919744030824,0.31548931019032667,0.8839026816447502
2010-05-27 14:00:00,0.45353333333333334,0.13720000000000002,238.5955,1.9933333333333332,1.1333333333333333,0.45,0.6333333333333333,-1,Anomalia,1.6098136268627745,-0.7982424175269403,0.3268440728088354
2010-05-30 00:00:00,0.878,0.21443333333333334,241.84083333333334,3.74,2.05,0.4666666666666667,1.5166666666666666,-1,Anomalia,1.5760534839218363,-0.23167581625209582,1.1734858961183485
2010-06-02 11:00:00,0.7223333333333334,0.06523333333333332,237.86916666666667,3.1,0.0,4.0,1.4666666666666666,-1,Anomalia,1.8547599284036025,-0.41583768727515985,-0.10016699041694159
2010-06-04 19:00:00,0.3717333333333333,0.2048,241.75366666666665,1.7600000000000002,0.0,0.23333333333333334,0.65,-1,Anomalia,1.4618911535266066,-1.1586034319463092,1.0757404190618574
2010-06-05 15:00:00,1.2071666666666665,0.15823333333333334,240.1365,5.260000000000001,7.633333333333334,4.883333333333334,1.6166666666666667,-1,Anomalia,1.5177760235198707,1.0673860127201187,1.428622671871755
2010-06-05 21:00:00,0.6489333333333334,0.19713333333333333,240.60266666666666,2.933333333333333,1.9333333333333333,0.4166666666666667,1.8,-1,Anomalia,1.7383698250267021,-0.4233259772306092,0.949338671332611
2010-06-11 20:00:00,0.5838,0.2825,241.76899999999998,2.8233333333333333,2.8666666666666667,0.65,0.65,-1,Anomalia,1.6986893943780703,-0.3052455468353911,2.0262496748979544
2010-06-12 01:00:00,0.4235666666666667,0.09793333333333334,240.57866666666666,1.8066666666666664,0.0,0.0,3.2666666666666666,-1,Anomalia,1.531868743903701,-1.1966862381250332,-0.24369966220445027
2010-06-13 23:00:00,0.5846666666666667,0.11643333333333333,245.17849999999999,2.6199999999999997,3.1666666666666665,0.21666666666666667,1.5833333333333333,-1,Anomalia,2.4157510386374135,-1.2130530769354508,0.4996084301474394
2010-06-14 19:00:00,0.7758333333333333,0.18516666666666665,241.1455,3.4733333333333336,2.183333333333333,0.08333333333333333,2.55,-1,Anomalia,1.6385648225595826,-0.31212597037323847,0.7548935986044676
2010-06-19 12:00:00,0.5093333333333334,0.1869,241.91966666666667,2.36,1.5166666666666666,0.08333333333333333,1.6,-1,Anomalia,2.225966827711219,-0.864485552449785,0.8935511020490164
2010-06-19 22:00:00,2.4079333333333333,0.11043333333333334,239.71683333333334,10.09,6.266666666666667,5.833333333333333,4.9,-1,Anomalia,1.4143922939415723,2.642779635554664,0.5098800041576611
2010-06-19 23:00:00,1.1222333333333334,0.18173333333333333,238.98866666666666,4.7733333333333325,2.3,1.2333333333333334,6.783333333333333,-1,Anomalia,1.6428895312983702,0.6794941637511362,0.4219293634148054
2010-06-21 13:00:00,0.6603,0.13023333333333334,241.645,2.9166666666666665,0.0,2.85,1.5333333333333334,-1,Anomalia,1.9977614837161344,-0.7877373309892731,0.5918375177293941
2010-06-22 10:00:00,1.75,0.26093333333333335,238.67433333333332,7.496666666666667,0.0,4.033333333333333,18.616666666666667,-1,Anomalia,1.459598455033424,2.429474400826782,0.516387120506406
2010-06-26 06:00:00,0.4714333333333333,0.1751,243.37199999999999,2.0533333333333332,0.0,0.75,3.65,-1,Anomalia,1.4328752198219343,-1.1316928428492765,0.7362529586249912
2010-06-26 12:00:00,1.445,0.2890333333333333,239.808,6.193333333333333,3.316666666666667,0.65,13.483333333333333,-1,Anomalia,1.3923956170259884,1.7874194145816018,0.989790348410703
2010-06-27 03:00:00,0.3637666666666667,0.22666666666666666,238.23416666666665,1.7633333333333332,0.0,1.1666666666666667,1.6666666666666667,-1,Anomalia,1.4502567592788238,-0.5694453388808672,1.1579142026400138
2010-06-27 20:00:00,0.3972333333333333,0.21746666666666667,241.69033333333334,1.8266666666666669,0.0,0.0,1.7333333333333334,-1,Anomalia,1.4808419051941637,-1.0401007020887316,1.0877666867001239
2010-06-29 21:00:00,1.7192333333333332,0.5499333333333334,239.4788333333333,7.65,6.033333333333333,8.033333333333333,2.0,-1,Anomalia,1.4788115599685283,3.1967325343603155,5.41297044801421
2010-06-30 17:00:00,1.4037333333333335,0.5957,240.56183333333334,6.333333333333333,0.0,1.15,2.7333333333333334,-1,Anomalia,1.7442152460774327,1.8175549800369557,4.582631934178992
2010-07-02 10:00:00,0.4653333333333334,0.26843333333333336,237.94283333333334,2.2333333333333334,0.0,1.2333333333333334,1.7833333333333334,-1,Anomalia,1.4188102955642437,-0.2490070580989563,1.5273438622247433
2010-07-02 14:00:00,0.8083333333333333,0.24873333333333333,237.34966666666665,3.7633333333333336,0.0,0.3333333333333333,2.966666666666667,-1,Anomalia,1.3969410141190606,0.23287153705349617,1.019059250936182
2010-07-04 20:00:00,0.4307666666666667,0.1225,241.92583333333332,1.8833333333333333,0.0,0.03333333333333333,3.3,-1,Anomalia,1.4792505728931644,-1.2529826008162201,0.07179531917766555
2010-07-08 16:00:00,1.6610666666666667,0.31473333333333336,240.84483333333336,7.073333333333333,0.0,5.5,14.883333333333333,-1,Anomalia,1.4057813763212619,2.119010025782849,1.63440722050327
2010-07-10 10:00:00,1.0447,0.14473333333333332,238.59166666666667,4.546666666666667,0.0,4.266666666666667,6.316666666666666,-1,Anomalia,1.454087554097502,0.47935448514804535,0.3654953013798368
2010-07-10 19:00:00,0.8882333333333334,0.5346333333333334,240.40483333333336,4.28,0.0,0.8166666666666667,3.2333333333333334,-1,Anomalia,1.7427633263717575,0.975660613499638,4.010399238194396
2010-07-12 18:00:00,0.6884333333333333,0.2851666666666667,241.50216666666665,3.256666666666667,2.8,0.0,2.6666666666666665,-1,Anomalia,1.6473425400353903,-0.0675001217855148,1.787008659740812
2010-07-15 08:00:00,1.2321666666666669,0.1389,240.5095,5.2733333333333325,0.0,3.1666666666666665,3.0833333333333335,-1,Anomalia,1.4739857149589475,0.23164211946045893,0.43039494864471584
2010-07-17 08:00:00,0.4137,0.13626666666666667,241.40416666666667,1.8833333333333333,0.0,0.6833333333333333,3.033333333333333,-1,Anomalia,1.5215100267347226,-1.131310515246366,0.28814988737285685
2010-07-17 11:00:00,0.3967,0.09283333333333334,241.80166666666668,1.7166666666666666,0.0,0.0,3.6333333333333333,-1,Anomalia,1.566870432947453,-1.3669062499071458,-0.24292817667669614
2010-07-20 05:00:00,0.4330333333333333,0.12179999999999999,241.01183333333333,1.9166666666666667,0.0,0.0,3.5,-1,Anomalia,1.4505600903285867,-1.1340089967442055,-0.005275096747349372
2010-07-22 07:00:00,0.47123333333333334,0.21966666666666665,241.73216666666667,2.136666666666667,0.0,1.5,3.183333333333333,-1,Anomalia,1.4297775765011225,-0.7618003275988902,1.2132906153087768
2010-07-26 00:00:00,0.3406333333333333,0.0957,243.25466666666668,1.49,0.0,0.9833333333333333,1.6833333333333333,-1,Anomalia,1.4600064026119375,-1.6396229725385554,0.14481229496718762
2010-07-26 09:00:00,0.4124333333333333,0.16446666666666668,240.87966666666668,1.8900000000000001,0.0,1.8666666666666667,1.7666666666666666,-1,Anomalia,1.4896134478741598,-0.9703911238359948,0.7834298016230553
2010-07-28 06:00:00,0.4513333333333333,0.12276666666666666,241.4735,1.96,0.0,0.06666666666666667,3.7666666666666666,-1,Anomalia,1.405889154225636,-1.1464810304081257,0.01900759836385074
2010-07-29 18:00:00,0.45,0.14216666666666666,239.17083333333332,1.9933333333333332,0.0,0.7166666666666667,3.35,-1,Anomalia,1.397255305853703,-0.793032260621382,0.19702202788687168
2010-07-30 06:00:00,0.36086666666666667,0.07013333333333334,241.14983333333333,1.5533333333333335,0.0,0.1,3.1,-1,Anomalia,1.6362761837233584,-1.436132412513744,-0.44414932763392045
2010-08-06 03:00:00,1.2259,0.08026666666666667,241.21916666666667,5.036666666666666,0.0,0.18333333333333332,17.333333333333332,-1,Anomalia,1.5077354484275949,0.4927403189334667,-1.4421276109938836
2010-08-11 00:00:00,0.4366333333333333,0.14993333333333334,240.53016666666664,1.9633333333333334,0.0,0.7,3.5833333333333335,-1,Anomalia,1.5064934829489582,-0.9276478260070647,0.3342518533927999
2010-08-15 11:00:00,1.2265666666666668,0.0795,241.90933333333334,5.013333333333334,0.0,0.25,17.283333333333335,-1,Anomalia,1.5136038169604595,0.4088307004081151,-1.3975927525262584
2010-08-16 11:00:00,0.2498,0.027533333333333333,243.84233333333333,1.0799999999999998,0.0,0.0,1.5666666666666667,-1,Anomalia,2.0789869062357744,-2.1227020958762193,-0.5980152338084586
2010-08-17 21:00:00,0.888,0.0,239.775,3.7,0.0,0.0,1.0,-1,Anomalia,1.9946330084949095,-0.9290862606452343,-1.199783952250719
2010-08-27 12:00:00,2.142533333333333,0.4401,241.73533333333336,9.043333333333333,0.0,7.75,19.65,-1,Anomalia,1.5165733905870107,3.457137080861729,2.8111635279935325
2010-08-30 21:00:00,2.242233333333333,0.17523333333333332,240.67516666666668,9.323333333333332,0.0,4.116666666666666,15.833333333333334,-1,Anomalia,1.4720538842082909,2.3969738023780245,-0.11890571258923067
2010-08-31 11:00:00,1.5806666666666667,0.1027,238.04916666666668,6.596666666666667,0.0,0.4,15.85,-1,Anomalia,1.429409750349774,1.34992386818542,-1.355517905498385
2010-08-31 13:00:00,1.0535666666666665,0.15176666666666666,238.02833333333334,4.683333333333334,3.0,2.9,1.5666666666666667,-1,Anomalia,1.5186582168473997,0.5288138900765311,0.7051156350037794
2010-09-04 11:00:00,1.6402333333333334,0.10566666666666666,240.26316666666668,6.9,0.0,3.3333333333333335,13.15,-1,Anomalia,1.433241423748688,1.23918562160763,-0.6261758120828076
2010-09-04 17:00:00,0.5642333333333334,0.26476666666666665,242.33149999999998,2.6633333333333336,1.7166666666666666,0.0,1.6666666666666667,-1,Anomalia,1.6349261923054612,-0.5613932762603092,1.659442904215967
2010-09-06 18:00:00,0.8907,0.13893333333333333,240.66533333333334,3.886666666666667,2.25,0.7166666666666667,7.65,-1,Anomalia,1.8892122485923575,0.061432104258264134,0.01568305827500395
2010-09-07 18:00:00,1.0712666666666666,0.08633333333333333,242.14883333333333,4.496666666666667,2.033333333333333,0.0,11.85,-1,Anomalia,1.7922447970624513,0.09788870369130126,-0.8385998192950582
2010-09-09 14:00:00,0.42096666666666666,0.1105,239.72983333333335,1.9566666666666668,1.1,0.35,1.5666666666666667,-1,Anomalia,1.7927952945123038,-1.001647858698276,0.05821978517727152
2010-09-10 19:00:00,1.8013000000000001,0.24556666666666666,239.28083333333333,7.569999999999999,3.3666666666666667,0.5833333333333334,18.666666666666668,-1,Anomalia,1.5765435552720348,2.445852340072856,0.11683471384415442
2010-09-11 15:00:00,0.9680666666666667,0.14626666666666666,242.04733333333334,4.136666666666667,2.216666666666667,1.1666666666666667,7.366666666666666,-1,Anomalia,1.829974898142607,0.02747782831951951,0.229541880047669
2010-09-11 23:00:00,1.9510666666666665,0.06686666666666666,246.11516666666665,7.8933333333333335,0.0,0.0,1.6,-1,Anomalia,1.5419201252134862,-0.04200580737507332,-0.45940443449334695
2010-09-12 12:00:00,1.1534333333333333,0.18316666666666667,244.4155,5.0233333333333325,5.416666666666667,4.066666666666666,2.1166666666666667,-1,Anomalia,1.423757900996214,0.3438388194266668,1.635184068273215
2010-09-12 22:00:00,1.5374333333333332,0.08943333333333332,242.1585,6.346666666666667,2.683333333333333,0.03333333333333333,1.5333333333333334,-1,Anomalia,1.51740238519583,0.21684758000550322,-0.1934090113805226
2010-09-16 21:00:00,1.7319333333333333,0.10923333333333334,237.90233333333333,7.276666666666667,3.6333333333333333,0.4,2.05,-1,Anomalia,1.5011857340561598,1.1914337847004575,-0.20665733224341232
2010-09-17 15:00:00,1.6732333333333334,0.15483333333333332,242.05866666666668,6.923333333333333,0.0,3.1333333333333333,19.566666666666666,-1,Anomalia,1.7009617514033717,1.5477456484019891,-0.4944357799744358
2010-09-17 17:00:00,1.5464666666666667,0.07016666666666667,239.92633333333333,6.416666666666667,0.0,1.9833333333333334,18.266666666666666,-1,Anomalia,2.244897617877583,1.2124614317666045,-1.4915832834752212
2010-09-18 19:00:00,1.5119,0.08943333333333332,239.1038333333333,6.333333333333333,0.0,0.0,15.1,-1,Anomalia,1.5251386410874952,1.0308115125839146,-1.4188087078593803
2010-09-19 19:00:00,1.0944666666666667,0.255,240.43216666666666,4.716666666666667,0.0,3.8833333333333333,1.6,-1,Anomalia,1.396379874101434,0.39896868426715254,1.7869070297290883
2010-09-20 04:00:00,0.1951,0.04343333333333333,244.01783333333333,0.81,0.0,0.0,0.6666666666666666,-1,Anomalia,1.5145770561407395,-2.220188711051328,-0.3614340732049971
2010-09-22 05:00:00,0.3939666666666667,0.06513333333333333,240.40683333333334,1.6633333333333333,0.0,0.0,3.683333333333333,-1,Anomalia,1.5028973152598133,-1.3017193117047248,-0.5934803133905422
2010-09-23 09:00:00,1.4231666666666667,0.09376666666666668,241.08149999999998,5.833333333333333,1.15,0.0,19.5,-1,Anomalia,1.7547135215062024,1.0225826398036946,-1.454139518522446
2010-10-03 15:00:00,1.2537999999999998,0.17956666666666665,243.02716666666666,5.216666666666667,2.0,1.0666666666666667,12.933333333333334,-1,Anomalia,1.4914704224254691,0.6564018439190638,0.159721751255544
2010-10-03 21:00:00,2.5301666666666667,0.1537,240.31166666666667,10.51,3.783333333333333,1.6666666666666667,1.65,-1,Anomalia,1.4129604682201025,2.1766611527852056,0.4028139348948238
2010-10-06 13:00:00,0.5153333333333333,0.0901,241.83016666666666,2.203333333333333,1.9833333333333334,0.36666666666666664,0.65,-1,Anomalia,2.580229029788376,-1.1737084454268365,0.07836153788989511
2010-10-09 18:00:00,1.4580666666666666,0.12400000000000001,238.7225,6.2,3.4166666666666665,1.0833333333333333,9.816666666666666,-1,Anomalia,1.4364272601040227,1.2347834935384325,-0.37815896199997234
2010-10-10 22:00:00,1.9866,0.6192333333333334,241.23583333333332,8.673333333333334,8.3,1.1333333333333333,2.6333333333333333,-1,Anomalia,1.4139052569280892,3.346127409157522,5.258933077282417
2010-10-12 12:00:00,1.8454000000000002,0.14126666666666668,238.82816666666668,7.786666666666666,2.8333333333333335,0.0,20.2,-1,Anomalia,1.4809271134241453,2.2228025840476398,-1.1533223571914453
2010-10-13 16:00:00,1.6611,0.11903333333333334,242.0991666666667,6.843333333333334,2.45,0.9166666666666666,18.583333333333332,-1,Anomalia,1.871411552877984,1.437569986312131,-0.9310114612416475
2010-10-14 08:00:00,1.7274,0.18346666666666664,239.99733333333333,7.239999999999999,0.0,2.95,18.283333333333335,-1,Anomalia,1.5384649316827717,1.882930810249854,-0.28793947904475925
2010-10-14 13:00:00,1.2267666666666666,0.13686666666666666,242.1,5.096666666666667,3.3333333333333335,0.16666666666666666,6.683333333333334,-1,Anomalia,1.4644811724653497,0.31772236458519265,0.06052017121796745
2010-10-21 18:00:00,1.3011333333333333,0.07970000000000001,240.85466666666667,5.506666666666666,12.583333333333334,0.0,0.65,-1,Anomalia,1.4679104076368263,0.9234111677111971,0.3741323614343719
2010-10-23 21:00:00,3.3083,0.060000000000000005,238.91016666666667,14.446666666666665,26.016666666666666,0.15,0.6333333333333333,-1,Anomalia,1.4056884884124035,5.111826789514203,0.4963195595137593
2010-10-23 22:00:00,1.2988333333333333,0.07313333333333333,242.62366666666668,5.453333333333333,1.9666666666666666,0.15,0.6666666666666666,-1,Anomalia,1.4768925952381837,-0.29624105242703347,-0.24888865741643487
2010-10-24 00:00:00,1.7188666666666668,0.6614,243.41033333333334,7.62,0.0,7.3,2.8,-1,Anomalia,1.8207549433074905,2.522702494720126,6.180778162116181
2010-10-24 01:00:00,1.4979333333333333,0.45553333333333335,244.498,6.456666666666666,0.0,1.7166666666666666,5.5,-1,Anomalia,1.3950044931359877,1.1827578512300558,3.322498430249196
2010-10-27 02:00:00,0.8959333333333334,0.20576666666666668,247.61749999999998,3.7199999999999998,0.0,1.2333333333333334,8.933333333333334,-1,Anomalia,1.4742193493879983,-0.6598619452502609,0.9084753378057534
2010-10-27 14:00:00,0.5176666666666666,0.04786666666666666,248.43233333333333,2.19,0.0,0.0,0.6833333333333333,-1,Anomalia,1.604946614378496,-2.281712622662693,-0.14303822012789033
2010-10-27 23:00:00,0.7940333333333334,0.05993333333333333,249.47116666666668,3.1566666666666667,0.0,0.0,0.6833333333333333,-1,Anomalia,1.4191150571266973,-2.025751199477511,-0.023750373810644567
2010-10-28 15:00:00,2.2539000000000002,0.2036666666666667,246.7795,9.153333333333334,9.066666666666666,1.1666666666666667,21.55,-1,Anomalia,1.4357057229763623,2.7253283938626414,0.2976414937344013
2010-10-28 17:00:00,2.1038666666666668,0.0611,245.88033333333334,8.566666666666666,0.0,7.883333333333334,19.166666666666668,-1,Anomalia,1.4652305634848655,1.6460515500138846,-0.5879684472811592
2010-10-29 11:00:00,0.6154,0.2635,247.861,2.8733333333333335,0.0,1.1666666666666667,0.6833333333333333,-1,Anomalia,1.5653931472217468,-1.2747451531231129,2.0661249355102544
2010-10-29 12:00:00,1.0566666666666666,0.3142666666666667,247.79016666666666,4.623333333333333,0.0,0.16666666666666666,0.6666666666666666,-1,Anomalia,1.8112406006769592,-0.5991318186261717,2.321329158397206
2010-10-29 22:00:00,0.9650666666666666,0.07323333333333333,242.85183333333333,4.036666666666666,1.7666666666666666,1.1333333333333333,0.65,-1,Anomalia,1.7086393848802455,-0.7245161002650596,-0.03297377092414125
2010-10-30 10:00:00,0.7758666666666667,0.05803333333333334,243.06133333333335,3.256666666666667,2.7333333333333334,0.0,3.6333333333333333,-1,Anomalia,1.9529081620568043,-0.870556540214483,-0.41968664919414167
2010-10-31 14:00:00,1.5386666666666666,0.20843333333333333,247.47150000000002,6.213333333333334,0.0,1.1666666666666667,19.4,-1,Anomalia,1.5720368241387543,0.7510709345463229,0.09948580658247452
2010-11-01 02:00:00,1.2860333333333334,0.18873333333333334,249.3493333333333,5.183333333333334,0.0,0.9666666666666667,0.7,-1,Anomalia,1.7574663365491912,-0.884971433358841,1.2534455798507476
2010-11-01 22:00:00,1.3896666666666666,0.08403333333333333,249.2905,5.583333333333333,0.0,0.4666666666666667,0.6833333333333333,-1,Anomalia,1.493791991726882,-1.1144177454802677,0.13640115745590511
2010-11-01 23:00:00,1.4736333333333331,0.07363333333333334,251.45083333333332,5.88,0.0,0.0,0.7166666666666667,-1,Anomalia,2.236561432878357,-1.323708739388093,0.0710102246629685
2010-11-02 00:00:00,1.4327333333333334,0.1108,249.68383333333335,5.753333333333333,0.0,0.0,2.783333333333333,-1,Anomalia,1.5613426758395632,-0.9359983731226493,0.2081769345439402
2010-11-02 01:00:00,1.2633666666666667,0.12803333333333333,248.55499999999998,5.1,0.0,0.6666666666666666,0.6833333333333333,-1,Anomalia,1.5546962008956122,-1.0362659982691806,0.5797094710266752
2010-11-02 06:00:00,0.40353333333333335,0.19973333333333335,251.6755,1.7566666666666668,0.0,1.2333333333333334,0.7166666666666667,-1,Anomalia,1.8474731089868144,-2.232821846656578,1.7184494546414852
2010-11-03 06:00:00,0.5263333333333333,0.2689333333333333,247.364,2.353333333333333,0.0,1.1666666666666667,2.716666666666667,-1,Anomalia,1.5321600694704123,-1.2321126551140897,1.9825117396851475
2010-11-04 01:00:00,0.8423,0.18150000000000002,250.22316666666666,3.43,0.0,1.2166666666666666,7.9,-1,Anomalia,1.5762035981204285,-1.177865722212847,0.8965635623136351
2010-11-04 02:00:00,0.5743666666666667,0.08170000000000001,250.32049999999998,2.35,0.0,0.21666666666666667,4.5,-1,Anomalia,1.6726826230960676,-2.1083171786813137,0.06575894121431444
2010-11-04 08:00:00,4.4189,0.08063333333333333,239.04483333333334,18.503333333333334,7.933333333333334,40.083333333333336,18.133333333333333,-1,Anomalia,1.5106108572052723,8.438058616071737,3.8282817473657698
2010-11-05 08:00:00,1.8461333333333334,0.09256666666666667,241.89966666666666,7.696666666666667,0.0,2.783333333333333,18.566666666666666,-1,Anomalia,1.5664828400623487,1.5279692691003839,-1.13534395671679
2010-11-07 18:00:00,1.9365999999999999,0.16073333333333334,230.7485,8.423333333333334,0.0,0.8166666666666667,0.6,-1,Anomalia,1.4545495448141978,2.1117611125110067,-0.2391100014922177
2010-11-09 18:00:00,2.809833333333333,0.08443333333333333,230.42166666666665,12.2,0.0,0.0,16.9,-1,Anomalia,1.4604465724077467,3.914534888813381,-2.3722831489440295
2010-11-09 20:00:00,3.7867,0.1575666666666667,233.1635,16.493333333333332,15.15,0.8666666666666667,17.283333333333335,-1,Anomalia,1.399629537614318,6.662028001590461,-0.65768950086641
2010-11-09 21:00:00,2.9360666666666666,0.13976666666666665,233.90416666666667,12.553333333333335,2.35,0.9666666666666667,17.4,-1,Anomalia,1.680351497235257,4.139687731102618,-1.405152195520561
2010-11-10 09:00:00,1.7861,0.05146666666666667,234.51450000000003,7.583333333333333,5.2,2.316666666666667,17.483333333333334,-1,Anomalia,1.8532155705971665,2.59111996592262,-1.604885080140308
2010-11-11 11:00:00,2.6264333333333334,0.15936666666666666,234.68566666666666,11.283333333333333,14.6,0.3333333333333333,16.333333333333332,-1,Anomalia,1.4409729688589668,4.752009609526249,-0.33709484655883243
2010-11-11 12:00:00,1.8741333333333332,0.08546666666666666,236.90966666666665,8.4,16.433333333333334,6.3,0.0,-1,Anomalia,1.6925693623575497,2.9826724833919376,1.2493602948957407
2010-11-11 14:00:00,1.7211666666666665,0.04763333333333333,235.22033333333331,7.343333333333334,3.85,0.31666666666666665,8.816666666666666,-1,Anomalia,1.5078168396469944,1.6887618055329408,-1.3960525148342244
2010-11-12 09:00:00,1.5554666666666668,0.0785,239.01933333333332,6.47,2.466666666666667,0.0,17.516666666666666,-1,Anomalia,1.9747677422291035,1.4180167498789449,-1.5376226784797058
2010-11-12 18:00:00,2.280866666666667,0.09776666666666665,230.571,9.860000000000001,0.0,0.0,0.0,-1,Anomalia,1.5102832911211865,2.302200926434871,-1.0167125891583537
2010-11-12 20:00:00,1.7533333333333334,0.08483333333333333,234.00750000000002,7.5,8.05,1.1,10.066666666666666,-1,Anomalia,1.5147163844772533,2.5073032679731617,-0.8101386590915458
2010-11-13 17:00:00,2.7615666666666665,0.01896666666666667,232.86366666666666,11.83,0.0,0.0,16.666666666666668,-1,Anomalia,1.6243175380699544,3.318782338135705,-2.843829279541933
2010-11-14 20:00:00,2.6314333333333333,0.0344,236.16833333333335,11.156666666666666,8.316666666666666,0.0,5.283333333333333,-1,Anomalia,1.4338523144779045,2.955928132806833,-1.2036947445644415
2010-11-15 07:00:00,2.627533333333333,0.06709999999999999,237.63783333333333,11.086666666666668,0.0,6.233333333333333,17.333333333333332,-1,Anomalia,1.4708024448845836,3.160749565503643,-1.2323736944322936
2010-11-15 21:00:00,1.5087666666666666,0.039266666666666665,238.09483333333336,6.340000000000001,3.6666666666666665,0.0,0.0,-1,Anomalia,1.6362115439791851,0.5136989650862471,-0.7504198271437644
2010-11-18 01:00:00,0.39063333333333333,0.21559999999999999,242.28,1.77,0.0,0.0,0.0,-1,Anomalia,1.747661403066268,-1.2214094859382498,1.2173680205372786
2010-11-18 05:00:00,0.38533333333333336,0.20759999999999998,243.88833333333332,1.74,0.0,0.0,0.0,-1,Anomalia,1.5226586873205523,-1.4414375546860094,1.2312456898451274
2010-11-18 19:00:00,2.5739333333333336,0.09963333333333332,238.26933333333332,10.806666666666667,2.5833333333333335,0.4666666666666667,17.416666666666668,-1,Anomalia,1.4573899525956957,2.976716107793854,-1.5218642112469962
2010-11-19 18:00:00,1.0184666666666666,0.025500000000000002,234.325,4.293333333333334,0.0,0.0,0.0,-1,Anomalia,1.4201507653736252,-0.08955275879170523,-1.2231431104975647
2010-11-20 18:00:00,5.626833333333334,0.19906666666666664,230.51433333333335,24.720000000000002,14.35,29.816666666666666,16.333333333333332,-1,Anomalia,1.4767571925151965,11.423270867598138,3.282994788740982
2010-11-21 00:00:00,0.5199,0.05653333333333333,241.931,2.19,0.0,0.8833333333333333,0.0,-1,Anomalia,1.4876257764088874,-1.4786347007153318,-0.2556114025695897
2010-11-21 22:00:00,1.4937666666666667,0.06876666666666667,239.14033333333333,6.25,0.0,0.0,14.866666666666667,-1,Anomalia,1.3942944424411299,0.9225415532284024,-1.599102384443784
2010-11-22 09:00:00,1.4276000000000002,0.09456666666666667,238.15116666666665,5.959999999999999,1.1833333333333333,0.5833333333333334,17.4,-1,Anomalia,1.491449229705323,1.3156777734971845,-1.3940018443408713
2010-11-22 14:00:00,1.5176666666666667,0.06383333333333334,240.32433333333336,6.260000000000001,1.2,0.0,17.7,-1,Anomalia,1.9087898150875806,1.0526942418239538,-1.6906861148740981
2010-11-22 18:00:00,3.1683000000000003,0.12586666666666665,234.41850000000002,13.906666666666666,19.933333333333334,0.0,0.0,-1,Anomalia,1.4119542786495747,5.049168878487478,0.5462787215401789
2010-11-22 19:00:00,2.5895,0.13776666666666668,234.38733333333332,11.156666666666666,14.416666666666666,0.15,0.0,-1,Anomalia,1.455454429997239,3.760841714673629,0.464833033116885
2010-11-23 08:00:00,1.7040666666666666,0.21893333333333334,233.88483333333335,7.456666666666667,0.0,1.1,16.8,-1,Anomalia,1.3962812791384727,2.520504068248571,-0.45382194022184547
2010-11-23 18:00:00,1.8401,0.07043333333333333,235.01166666666668,7.86,3.3333333333333335,0.0,0.0,-1,Anomalia,1.5111775201323199,1.4014524085395799,-0.7180908420245823
2010-11-24 08:00:00,1.5541666666666667,0.1272,239.28650000000002,6.466666666666667,0.0,2.5,17.566666666666666,-1,Anomalia,1.665618959019571,1.478362725346655,-0.8546222877490154
2010-11-24 16:00:00,0.8740666666666667,0.1024,238.39216666666667,3.746666666666667,0.0,3.3,0.95,-1,Anomalia,1.57701330047954,-0.22779732183713375,0.192478805209645
2010-11-26 21:00:00,0.9346666666666668,0.0,239.68999999999997,3.7999999999999994,0.0,0.0,0.0,-1,Anomalia,1.9170100530729055,-0.9263933838923287,-1.1478293500209897
